Unity Editor version:    6000.0.49f1 (840e0a9776d9)
Branch:                  6000.0/staging
Build type:              Release
Batch mode:              YES
System name:             Linux
Distro version:          #1 SMP PREEMPT_DYNAMIC Thu, 02 Apr 2026 23:33:01 +0000
Kernel version:          6.19.11-arch1-1
Architecture:            x86_64
Window Protocol:         Wayland (XWayland)
Available memory:        15697 MB
Using pre-set license
Pro License: YES
The selected window backend is (null) 
Desktop is 1920 x 1080 @ 60 Hz
Initialize udev device monitor.

COMMAND LINE ARGUMENTS:
Unity
-adb2
-batchMode
-noUpm
-name
AssetImportWorker3
-projectPath
/home/lass/Cours/Application jeu 2/6c5-tp2-LC-gr1
-logFile
Logs/AssetImportWorker3.log
-srvPort
45879
-job-worker-count
7
-background-job-worker-count
8
-gc-helper-count
1
Successfully changed project path to: /home/lass/Cours/Application jeu 2/6c5-tp2-LC-gr1

(Unity:712728): Gtk-CRITICAL **: 04:54:43.412: gtk_label_set_text: assertion 'GTK_IS_LABEL (label)' failed

(Unity:712728): Gtk-CRITICAL **: 04:54:43.413: gtk_label_set_text: assertion 'GTK_IS_LABEL (label)' failed
/home/lass/Cours/Application jeu 2/6c5-tp2-LC-gr1
[UnityMemory] Configuration Parameters - Can be set up in boot.config
    "memorysetup-bucket-allocator-granularity=16"
    "memorysetup-bucket-allocator-bucket-count=8"
    "memorysetup-bucket-allocator-block-size=33554432"
    "memorysetup-bucket-allocator-block-count=8"
    "memorysetup-main-allocator-block-size=16777216"
    "memorysetup-thread-allocator-block-size=16777216"
    "memorysetup-gfx-main-allocator-block-size=16777216"
    "memorysetup-gfx-thread-allocator-block-size=16777216"
    "memorysetup-cache-allocator-block-size=4194304"
    "memorysetup-typetree-allocator-block-size=2097152"
    "memorysetup-profiler-bucket-allocator-granularity=16"
    "memorysetup-profiler-bucket-allocator-bucket-count=8"
    "memorysetup-profiler-bucket-allocator-block-size=33554432"
    "memorysetup-profiler-bucket-allocator-block-count=8"
    "memorysetup-profiler-allocator-block-size=16777216"
    "memorysetup-profiler-editor-allocator-block-size=1048576"
    "memorysetup-temp-allocator-size-main=16777216"
    "memorysetup-job-temp-allocator-block-size=2097152"
    "memorysetup-job-temp-allocator-block-size-background=1048576"
    "memorysetup-job-temp-allocator-reduction-small-platforms=262144"
    "memorysetup-allocator-temp-initial-block-size-main=262144"
    "memorysetup-allocator-temp-initial-block-size-worker=262144"
    "memorysetup-temp-allocator-size-background-worker=32768"
    "memorysetup-temp-allocator-size-job-worker=262144"
    "memorysetup-temp-allocator-size-preload-manager=33554432"
    "memorysetup-temp-allocator-size-nav-mesh-worker=65536"
    "memorysetup-temp-allocator-size-audio-worker=65536"
    "memorysetup-temp-allocator-size-cloud-worker=32768"
    "memorysetup-temp-allocator-size-gi-baking-worker=262144"
    "memorysetup-temp-allocator-size-gi-baking-worker=262144"
    "memorysetup-temp-allocator-size-gi-baking-worker=262144"
    "memorysetup-temp-allocator-size-gi-baking-worker=262144"
    "memorysetup-temp-allocator-size-gi-baking-worker=262144"
    "memorysetup-temp-allocator-size-gfx=262144"
Player connection [140113777096320]  Target information:

Player connection [140113777096320]  * "[IP] 192.168.2.205 [Port] 0 [Flags] 2 [Guid] 253210843 [EditorId] 253210843 [Version] 1048832 [Id] LinuxEditor(16,192.168.2.205) [Debug] 1 [PackageName] LinuxEditor [ProjectName] Editor" 

Player connection [140113777096320]  * "[IP] 172.17.0.1 [Port] 0 [Flags] 2 [Guid] 253210843 [EditorId] 253210843 [Version] 1048832 [Id] LinuxEditor(16,192.168.2.205) [Debug] 1 [PackageName] LinuxEditor [ProjectName] Editor" 

Player connection [140113777096320]  * "[IP] 172.18.0.1 [Port] 0 [Flags] 2 [Guid] 253210843 [EditorId] 253210843 [Version] 1048832 [Id] LinuxEditor(16,192.168.2.205) [Debug] 1 [PackageName] LinuxEditor [ProjectName] Editor" 

Player connection [140113777096320] Host joined multi-casting on [225.0.0.222:54997]...
Player connection [140113777096320] Host joined alternative multi-casting on [225.0.0.222:34997]...
JobSystem: Creating JobQueue using job-worker-count value 7
Input System module state changed to: Initialized.
[Physics::Module] Initialized fallback backend.
[Physics::Module] Id: 0xdecafbad
Library Redirect Path: Library/
[Physics::Module] Selected backend.
[Physics::Module] Name: PhysX
[Physics::Module] Id: 0xf2b8ea05
[Physics::Module] SDK Version: 4.1.2
[Physics::Module] Integration Version: 1.0.0
[Physics::Module] Threading Mode: Multi-Threaded
Refreshing native plugins compatible for Editor in 0.81 ms, found 0 plugins.
Preloading 0 native plugins for Editor in 0.00 ms.
Initialize engine version: 6000.0.49f1 (840e0a9776d9)
[Subsystems] Discovering subsystems at path /home/lass/Unity/Hub/Editor/6000.0.49f1/Editor/Data/Resources/UnitySubsystems
[Subsystems] Discovering subsystems at path /home/lass/Cours/Application jeu 2/6c5-tp2-LC-gr1/Assets
kGfxThreadingModeNonThreaded is not supported on OpenGL Core. Reverting to kGfxThreadingModeDirect instead.
GfxDevice: creating device client; kGfxThreadingModeDirect
GLX Extensions: GLX_ARB_context_flush_control GLX_ARB_create_context GLX_ARB_create_context_no_error GLX_ARB_create_context_profile GLX_ARB_create_context_robustness GLX_ARB_fbconfig_float GLX_ARB_framebuffer_sRGB GLX_ARB_get_proc_address GLX_ARB_multisample GLX_EXT_buffer_age GLX_EXT_create_context_es2_profile GLX_EXT_create_context_es_profile GLX_EXT_fbconfig_packed_float GLX_EXT_framebuffer_sRGB GLX_EXT_no_config_context GLX_EXT_swap_control GLX_EXT_swap_control_tear GLX_EXT_texture_from_pixmap GLX_EXT_visual_info GLX_EXT_visual_rating GLX_MESA_copy_sub_buffer GLX_MESA_gl_interop GLX_MESA_query_renderer GLX_MESA_swap_control GLX_OML_sync_control GLX_SGIS_multisample GLX_SGIX_fbconfig GLX_SGIX_pbuffer GLX_SGIX_visual_select_group GLX_SGI_make_current_read GLX_SGI_video_sync 
Renderer: Mesa Intel(R) Iris(R) Xe Graphics (ADL GT2)
Vendor:   Intel
Version:  4.6 (Core Profile) Mesa 26.0.4-arch1.1
GLES:     0
 GL_3DFX_texture_compression_FXT1 GL_AMD_conservative_depth GL_AMD_depth_clamp_separate GL_AMD_draw_buffers_blend GL_AMD_gpu_shader_int64 GL_AMD_multi_draw_indirect GL_AMD_performance_monitor GL_AMD_pinned_memory GL_AMD_query_buffer_object GL_AMD_seamless_cubemap_per_texture GL_AMD_shader_stencil_export GL_AMD_shader_trinary_minmax GL_AMD_texture_texture4 GL_AMD_vertex_shader_layer GL_AMD_vertex_shader_viewport_index GL_ANGLE_texture_compression_dxt3 GL_ANGLE_texture_compression_dxt5 GL_ARB_ES2_compatibility GL_ARB_ES3_1_compatibility GL_ARB_ES3_2_compatibility GL_ARB_ES3_compatibility GL_ARB_arrays_of_arrays GL_ARB_base_instance GL_ARB_blend_func_extended GL_ARB_buffer_storage GL_ARB_clear_buffer_object GL_ARB_clear_texture GL_ARB_clip_control GL_ARB_compressed_texture_pixel_storage GL_ARB_compute_shader GL_ARB_compute_variable_group_size GL_ARB_conditional_render_inverted GL_ARB_conservative_depth GL_ARB_copy_buffer GL_ARB_copy_image GL_ARB_cull_distance GL_ARB_debug_output GL_ARB_depth_buffer_float GL_ARB
_depth_clamp GL_ARB_derivative_control GL_ARB_direct_state_access GL_ARB_draw_buffers GL_ARB_draw_buffers_blend GL_ARB_draw_elements_base_vertex GL_ARB_draw_indirect GL_ARB_draw_instanced GL_ARB_enhanced_layouts GL_ARB_explicit_attrib_location GL_ARB_explicit_uniform_location GL_ARB_fragment_coord_conventions GL_ARB_fragment_layer_viewport GL_ARB_fragment_shader GL_ARB_fragment_shader_interlock GL_ARB_framebuffer_no_attachments GL_ARB_framebuffer_object GL_ARB_framebuffer_sRGB GL_ARB_get_program_binary GL_ARB_get_texture_sub_image GL_ARB_gl_spirv GL_ARB_gpu_shader5 GL_ARB_gpu_shader_fp64 GL_ARB_gpu_shader_int64 GL_ARB_half_float_pixel GL_ARB_half_float_vertex GL_ARB_indirect_parameters GL_ARB_instanced_arrays GL_ARB_internalformat_query GL_ARB_internalformat_query2 GL_ARB_invalidate_subdata GL_ARB_map_buffer_alignment GL_ARB_map_buffer_range GL_ARB_multi_bind GL_ARB_multi_draw_indirect GL_ARB_occlusion_query2 GL_ARB_parallel_shader_compile GL_ARB_pipeline_statistics_query GL_ARB_pixel_buffer_object GL_ARB_po
int_sprite GL_ARB_polygon_offset_clamp GL_ARB_post_depth_coverage GL_ARB_program_interface_query GL_ARB_provoking_vertex GL_ARB_query_buffer_object GL_ARB_robust_buffer_access_behavior GL_ARB_robustness GL_ARB_sample_shading GL_ARB_sampler_objects GL_ARB_seamless_cube_map GL_ARB_seamless_cubemap_per_texture GL_ARB_separate_shader_objects GL_ARB_shader_atomic_counter_ops GL_ARB_shader_atomic_counters GL_ARB_shader_ballot GL_ARB_shader_bit_encoding GL_ARB_shader_clock GL_ARB_shader_draw_parameters GL_ARB_shader_group_vote GL_ARB_shader_image_load_store GL_ARB_shader_image_size GL_ARB_shader_objects GL_ARB_shader_precision GL_ARB_shader_stencil_export GL_ARB_shader_storage_buffer_object GL_ARB_shader_subroutine GL_ARB_shader_texture_image_samples GL_ARB_shader_texture_lod GL_ARB_shader_viewport_layer_array GL_ARB_shading_language_420pack GL_ARB_shading_language_include GL_ARB_shading_language_packing GL_ARB_spirv_extensions GL_ARB_stencil_texturing GL_ARB_sync GL_ARB_tessellation_shader GL_ARB_texture_barrier G
L_ARB_texture_border_clamp GL_ARB_texture_buffer_object GL_ARB_texture_buffer_object_rgb32 GL_ARB_texture_buffer_range GL_ARB_texture_compression_bptc GL_ARB_texture_compression_rgtc GL_ARB_texture_cube_map_array GL_ARB_texture_filter_anisotropic GL_ARB_texture_filter_minmax GL_ARB_texture_float GL_ARB_texture_gather GL_ARB_texture_mirror_clamp_to_edge GL_ARB_texture_multisample GL_ARB_texture_non_power_of_two GL_ARB_texture_query_levels GL_ARB_texture_query_lod GL_ARB_texture_rectangle GL_ARB_texture_rg GL_ARB_texture_rgb10_a2ui GL_ARB_texture_stencil8 GL_ARB_texture_storage GL_ARB_texture_storage_multisample GL_ARB_texture_swizzle GL_ARB_texture_view GL_ARB_timer_query GL_ARB_transform_feedback2 GL_ARB_transform_feedback3 GL_ARB_transform_feedback_instanced GL_ARB_transform_feedback_overflow_query GL_ARB_uniform_buffer_object GL_ARB_vertex_array_bgra GL_ARB_vertex_array_object GL_ARB_vertex_attrib_64bit GL_ARB_vertex_attrib_binding GL_ARB_vertex_buffer_object GL_ARB_vertex_shader GL_ARB_vertex_type_10f_11f
_11f_rev GL_ARB_vertex_type_2_10_10_10_rev GL_ARB_viewport_array GL_ATI_blend_equation_separate GL_ATI_texture_float GL_EXT_EGL_image_storage GL_EXT_EGL_image_storage_compression GL_EXT_EGL_sync GL_EXT_abgr GL_EXT_blend_equation_separate GL_EXT_debug_label GL_EXT_demote_to_helper_invocation GL_EXT_depth_bounds_test GL_EXT_draw_buffers2 GL_EXT_draw_instanced GL_EXT_framebuffer_blit GL_EXT_framebuffer_multisample GL_EXT_framebuffer_multisample_blit_scaled GL_EXT_framebuffer_object GL_EXT_framebuffer_sRGB GL_EXT_memory_object GL_EXT_memory_object_fd GL_EXT_packed_depth_stencil GL_EXT_packed_float GL_EXT_pixel_buffer_object GL_EXT_polygon_offset_clamp GL_EXT_provoking_vertex GL_EXT_semaphore GL_EXT_semaphore_fd GL_EXT_shader_clock GL_EXT_shader_framebuffer_fetch GL_EXT_shader_framebuffer_fetch_non_coherent GL_EXT_shader_integer_mix GL_EXT_shader_samples_identical GL_EXT_texture_array GL_EXT_texture_compression_dxt1 GL_EXT_texture_compression_rgtc GL_EXT_texture_compression_s3tc GL_EXT_texture_filter_anisotropic 
GL_EXT_texture_integer GL_EXT_texture_sRGB GL_EXT_texture_sRGB_R8 GL_EXT_texture_sRGB_decode GL_EXT_texture_shadow_lod GL_EXT_texture_shared_exponent GL_EXT_texture_snorm GL_EXT_texture_storage GL_EXT_texture_swizzle GL_EXT_timer_query GL_EXT_transform_feedback GL_EXT_vertex_array_bgra GL_EXT_vertex_attrib_64bit GL_IBM_multimode_draw_arrays GL_INTEL_blackhole_render GL_INTEL_conservative_rasterization GL_INTEL_performance_query GL_INTEL_shader_atomic_float_minmax GL_INTEL_shader_integer_functions2 GL_KHR_blend_equation_advanced GL_KHR_blend_equation_advanced_coherent GL_KHR_context_flush_control GL_KHR_debug GL_KHR_no_error GL_KHR_parallel_shader_compile GL_KHR_robust_buffer_access_behavior GL_KHR_robustness GL_KHR_shader_subgroup GL_KHR_texture_compression_astc_ldr GL_KHR_texture_compression_astc_sliced_3d GL_MESA_framebuffer_flip_y GL_MESA_pack_invert GL_MESA_shader_integer_functions GL_MESA_texture_const_bandwidth GL_MESA_texture_signed_rgba GL_NV_alpha_to_coverage_dither_control GL_NV_compute_shader_deri
vatives GL_NV_conditional_render GL_NV_copy_image GL_NV_depth_clamp GL_NV_fragment_shader_interlock GL_NV_packed_depth_stencil GL_NV_texture_barrier GL_OES_EGL_image GL_S3_s3tc
OPENGL LOG: Creating OpenGL 4.6 graphics device ; Context level  <OpenGL 4.5> ; Context handle 1988528640
Initialize mono
Mono path[0] = '/home/lass/Unity/Hub/Editor/6000.0.49f1/Editor/Data/Managed'
Mono path[1] = '/home/lass/Unity/Hub/Editor/6000.0.49f1/Editor/Data/MonoBleedingEdge/lib/mono/unityjit-linux'
Mono config path = '/home/lass/Unity/Hub/Editor/6000.0.49f1/Editor/Data/MonoBleedingEdge/etc'
Using monoOptions --debugger-agent=transport=dt_socket,embedding=1,server=y,suspend=n,address=127.0.0.1:56728
Begin MonoManager ReloadAssembly
Registering precompiled unity dll's ...
Register platform support module: /home/lass/Unity/Hub/Editor/6000.0.49f1/Editor/Data/PlaybackEngines/AndroidPlayer/UnityEditor.Android.Extensions.dll
Register platform support module: /home/lass/Unity/Hub/Editor/6000.0.49f1/Editor/Data/PlaybackEngines/LinuxStandaloneSupport/UnityEditor.LinuxStandalone.Extensions.dll
Registered in 0.001010 seconds.
- Loaded All Assemblies, in  0.247 seconds
Native extension for LinuxStandalone target not found
Native extension for Android target not found
Android Extension - Scanning For ADB Devices 114 ms
Mono: successfully reloaded assembly
- Finished resetting the current domain, in  0.460 seconds
Domain Reload Profiling: 707ms
	BeginReloadAssembly (54ms)
		ExecutionOrderSort (0ms)
		DisableScriptedObjects (0ms)
		BackupInstance (0ms)
		ReleaseScriptingObjects (0ms)
		CreateAndSetChildDomain (0ms)
	RebuildCommonClasses (25ms)
	RebuildNativeTypeToScriptingClass (6ms)
	initialDomainReloadingComplete (38ms)
	LoadAllAssembliesAndSetupDomain (123ms)
		LoadAssemblies (54ms)
		RebuildTransferFunctionScriptingTraits (0ms)
		AnalyzeDomain (121ms)
			TypeCache.Refresh (120ms)
				TypeCache.ScanAssembly (110ms)
			BuildScriptInfoCaches (0ms)
			ResolveRequiredComponents (0ms)
	FinalizeReload (460ms)
		ReleaseScriptCaches (0ms)
		RebuildScriptCaches (0ms)
		SetupLoadedEditorAssemblies (421ms)
			LogAssemblyErrors (0ms)
			InitializePlatformSupportModulesInManaged (203ms)
			SetLoadedEditorAssemblies (4ms)
			BeforeProcessingInitializeOnLoad (62ms)
			ProcessInitializeOnLoadAttributes (99ms)
			ProcessInitializeOnLoadMethodAttributes (54ms)
			AfterProcessingInitializeOnLoad (0ms)
			EditorAssembliesLoaded (0ms)
		ExecutionOrderSort2 (0ms)
		AwakeInstancesAfterBackupRestoration (0ms)
========================================================================
Worker process is ready to serve import requests
Import Worker Mode flag is 0x00
Begin MonoManager ReloadAssembly
Symbol file LoadedFromMemory is not a mono symbol file
- Loaded All Assemblies, in  0.664 seconds
Refreshing native plugins compatible for Editor in 0.60 ms, found 0 plugins.
Native extension for LinuxStandalone target not found
Native extension for Android target not found
Mono: successfully reloaded assembly
- Finished resetting the current domain, in  0.526 seconds
Domain Reload Profiling: 1189ms
	BeginReloadAssembly (121ms)
		ExecutionOrderSort (0ms)
		DisableScriptedObjects (5ms)
		BackupInstance (0ms)
		ReleaseScriptingObjects (0ms)
		CreateAndSetChildDomain (29ms)
	RebuildCommonClasses (31ms)
	RebuildNativeTypeToScriptingClass (7ms)
	initialDomainReloadingComplete (58ms)
	LoadAllAssembliesAndSetupDomain (445ms)
		LoadAssemblies (252ms)
		RebuildTransferFunctionScriptingTraits (0ms)
		AnalyzeDomain (250ms)
			TypeCache.Refresh (196ms)
				TypeCache.ScanAssembly (178ms)
			BuildScriptInfoCaches (47ms)
			ResolveRequiredComponents (4ms)
	FinalizeReload (527ms)
		ReleaseScriptCaches (0ms)
		RebuildScriptCaches (0ms)
		SetupLoadedEditorAssemblies (430ms)
			LogAssemblyErrors (0ms)
			InitializePlatformSupportModulesInManaged (33ms)
			SetLoadedEditorAssemblies (6ms)
			BeforeProcessingInitializeOnLoad (94ms)
			ProcessInitializeOnLoadAttributes (246ms)
			ProcessInitializeOnLoadMethodAttributes (48ms)
			AfterProcessingInitializeOnLoad (2ms)
			EditorAssembliesLoaded (0ms)
		ExecutionOrderSort2 (0ms)
		AwakeInstancesAfterBackupRestoration (3ms)
AutoLocale: current locale expects 'C' but got 'en_US.UTF-8'Launched and connected shader compiler UnityShaderCompiler after 0.01 seconds
Refreshing native plugins compatible for Editor in 0.61 ms, found 0 plugins.
Preloading 0 native plugins for Editor in 0.00 ms.
Unloading 23 Unused Serialized files (Serialized files now loaded: 0)
Unloading 6084 unused Assets / (2.4 MB). Loaded Objects now: 6569.
Memory consumption went from 110.8 MB to 108.4 MB.
Total: 8.740574 ms (FindLiveObjects: 0.435861 ms CreateObjectMapping: 0.530589 ms MarkObjects: 5.208209 ms  DeleteObjects: 2.564883 ms)

========================================================================
Received Import Request.
  Time since last request: 16002.817756 seconds.
  path: Assets/Materials
  artifactKey: Guid(6cbc503ae826685408f07bd6f95ac449) Importer(815301076,1909f56bfc062723c751e8b465ee728b)
Start importing Assets/Materials using Guid(6cbc503ae826685408f07bd6f95ac449) Importer(815301076,1909f56bfc062723c751e8b465ee728b) (PreviewImporter) -> (artifact id: '11030602ff45f090b13fe1b98268cc63') in 0.009301996 seconds
Number of updated asset objects reloaded before import = 0Number of asset objects unloaded after import = 0

========================================================================
Received Prepare
Refreshing native plugins compatible for Editor in 1.03 ms, found 0 plugins.
Preloading 0 native plugins for Editor in 0.00 ms.
Unloading 0 Unused Serialized files (Serialized files now loaded: 0)
Unloading 6063 unused Assets / (1.9 MB). Loaded Objects now: 6572.
Memory consumption went from 104.5 MB to 102.6 MB.
Total: 9.846797 ms (FindLiveObjects: 0.643209 ms CreateObjectMapping: 0.648840 ms MarkObjects: 6.650420 ms  DeleteObjects: 1.903034 ms)

Prepare: number of updated asset objects reloaded= 0
========================================================================
Received Prepare
Begin MonoManager ReloadAssembly
Symbol file LoadedFromMemory is not a mono symbol file
- Loaded All Assemblies, in  1.066 seconds
Refreshing native plugins compatible for Editor in 1.65 ms, found 0 plugins.
Native extension for LinuxStandalone target not found
Native extension for Android target not found
Mono: successfully reloaded assembly
- Finished resetting the current domain, in  1.177 seconds
Domain Reload Profiling: 2248ms
	BeginReloadAssembly (265ms)
		ExecutionOrderSort (0ms)
		DisableScriptedObjects (8ms)
		BackupInstance (0ms)
		ReleaseScriptingObjects (0ms)
		CreateAndSetChildDomain (106ms)
	RebuildCommonClasses (52ms)
	RebuildNativeTypeToScriptingClass (12ms)
	initialDomainReloadingComplete (76ms)
	LoadAllAssembliesAndSetupDomain (665ms)
		LoadAssemblies (408ms)
		RebuildTransferFunctionScriptingTraits (0ms)
		AnalyzeDomain (337ms)
			TypeCache.Refresh (15ms)
				TypeCache.ScanAssembly (1ms)
			BuildScriptInfoCaches (305ms)
			ResolveRequiredComponents (13ms)
	FinalizeReload (1178ms)
		ReleaseScriptCaches (0ms)
		RebuildScriptCaches (0ms)
		SetupLoadedEditorAssemblies (981ms)
			LogAssemblyErrors (0ms)
			InitializePlatformSupportModulesInManaged (74ms)
			SetLoadedEditorAssemblies (14ms)
			BeforeProcessingInitializeOnLoad (213ms)
			ProcessInitializeOnLoadAttributes (551ms)
			ProcessInitializeOnLoadMethodAttributes (122ms)
			AfterProcessingInitializeOnLoad (7ms)
			EditorAssembliesLoaded (1ms)
		ExecutionOrderSort2 (0ms)
		AwakeInstancesAfterBackupRestoration (6ms)
Refreshing native plugins compatible for Editor in 1.17 ms, found 0 plugins.
Preloading 0 native plugins for Editor in 0.00 ms.
Unloading 1 Unused Serialized files (Serialized files now loaded: 0)
Unloading 6083 unused Assets / (2.3 MB). Loaded Objects now: 6576.
Memory consumption went from 106.8 MB to 104.5 MB.
Total: 14.145562 ms (FindLiveObjects: 0.660012 ms CreateObjectMapping: 0.849912 ms MarkObjects: 7.834742 ms  DeleteObjects: 4.798804 ms)

Prepare: number of updated asset objects reloaded= 0
========================================================================
Received Prepare
Begin MonoManager ReloadAssembly
Symbol file LoadedFromMemory is not a mono symbol file
- Loaded All Assemblies, in  1.547 seconds
Refreshing native plugins compatible for Editor in 1.03 ms, found 0 plugins.
Native extension for LinuxStandalone target not found
Native extension for Android target not found
Mono: successfully reloaded assembly
- Finished resetting the current domain, in  1.168 seconds
Domain Reload Profiling: 2719ms
	BeginReloadAssembly (499ms)
		ExecutionOrderSort (0ms)
		DisableScriptedObjects (22ms)
		BackupInstance (0ms)
		ReleaseScriptingObjects (2ms)
		CreateAndSetChildDomain (162ms)
	RebuildCommonClasses (65ms)
	RebuildNativeTypeToScriptingClass (12ms)
	initialDomainReloadingComplete (80ms)
	LoadAllAssembliesAndSetupDomain (894ms)
		LoadAssemblies (681ms)
		RebuildTransferFunctionScriptingTraits (0ms)
		AnalyzeDomain (403ms)
			TypeCache.Refresh (20ms)
				TypeCache.ScanAssembly (0ms)
			BuildScriptInfoCaches (368ms)
			ResolveRequiredComponents (7ms)
	FinalizeReload (1169ms)
		ReleaseScriptCaches (0ms)
		RebuildScriptCaches (0ms)
		SetupLoadedEditorAssemblies (927ms)
			LogAssemblyErrors (0ms)
			InitializePlatformSupportModulesInManaged (72ms)
			SetLoadedEditorAssemblies (13ms)
			BeforeProcessingInitializeOnLoad (260ms)
			ProcessInitializeOnLoadAttributes (483ms)
			ProcessInitializeOnLoadMethodAttributes (95ms)
			AfterProcessingInitializeOnLoad (4ms)
			EditorAssembliesLoaded (1ms)
		ExecutionOrderSort2 (0ms)
		AwakeInstancesAfterBackupRestoration (5ms)
Refreshing native plugins compatible for Editor in 1.06 ms, found 0 plugins.
Preloading 0 native plugins for Editor in 0.00 ms.
Unloading 0 Unused Serialized files (Serialized files now loaded: 0)
Unloading 6083 unused Assets / (2.3 MB). Loaded Objects now: 6579.
Memory consumption went from 108.6 MB to 106.3 MB.
Total: 15.685240 ms (FindLiveObjects: 0.751864 ms CreateObjectMapping: 0.904973 ms MarkObjects: 9.386130 ms  DeleteObjects: 4.639233 ms)

Prepare: number of updated asset objects reloaded= 0
========================================================================
Received Prepare
Refreshing native plugins compatible for Editor in 1.02 ms, found 0 plugins.
Preloading 0 native plugins for Editor in 0.00 ms.
Unloading 0 Unused Serialized files (Serialized files now loaded: 0)
Unloading 6063 unused Assets / (2.3 MB). Loaded Objects now: 6579.
Memory consumption went from 108.8 MB to 106.5 MB.
Total: 12.687344 ms (FindLiveObjects: 0.675996 ms CreateObjectMapping: 0.805531 ms MarkObjects: 9.228270 ms  DeleteObjects: 1.975705 ms)

Prepare: number of updated asset objects reloaded= 0
========================================================================
Received Prepare
Begin MonoManager ReloadAssembly
Symbol file LoadedFromMemory is not a mono symbol file
- Loaded All Assemblies, in  0.888 seconds
Refreshing native plugins compatible for Editor in 0.91 ms, found 0 plugins.
Native extension for LinuxStandalone target not found
Native extension for Android target not found
Mono: successfully reloaded assembly
- Finished resetting the current domain, in  0.829 seconds
Domain Reload Profiling: 1720ms
	BeginReloadAssembly (196ms)
		ExecutionOrderSort (0ms)
		DisableScriptedObjects (6ms)
		BackupInstance (0ms)
		ReleaseScriptingObjects (0ms)
		CreateAndSetChildDomain (65ms)
	RebuildCommonClasses (46ms)
	RebuildNativeTypeToScriptingClass (12ms)
	initialDomainReloadingComplete (70ms)
	LoadAllAssembliesAndSetupDomain (567ms)
		LoadAssemblies (375ms)
		RebuildTransferFunctionScriptingTraits (0ms)
		AnalyzeDomain (262ms)
			TypeCache.Refresh (19ms)
				TypeCache.ScanAssembly (1ms)
			BuildScriptInfoCaches (232ms)
			ResolveRequiredComponents (7ms)
	FinalizeReload (829ms)
		ReleaseScriptCaches (0ms)
		RebuildScriptCaches (0ms)
		SetupLoadedEditorAssemblies (670ms)
			LogAssemblyErrors (0ms)
			InitializePlatformSupportModulesInManaged (49ms)
			SetLoadedEditorAssemblies (11ms)
			BeforeProcessingInitializeOnLoad (156ms)
			ProcessInitializeOnLoadAttributes (379ms)
			ProcessInitializeOnLoadMethodAttributes (73ms)
			AfterProcessingInitializeOnLoad (3ms)
			EditorAssembliesLoaded (1ms)
		ExecutionOrderSort2 (0ms)
		AwakeInstancesAfterBackupRestoration (4ms)
Refreshing native plugins compatible for Editor in 1.02 ms, found 0 plugins.
Preloading 0 native plugins for Editor in 0.00 ms.
Unloading 0 Unused Serialized files (Serialized files now loaded: 0)
Unloading 6083 unused Assets / (2.1 MB). Loaded Objects now: 6582.
Memory consumption went from 108.6 MB to 106.5 MB.
Total: 12.385734 ms (FindLiveObjects: 0.639034 ms CreateObjectMapping: 0.744513 ms MarkObjects: 6.965308 ms  DeleteObjects: 4.035340 ms)

Prepare: number of updated asset objects reloaded= 0
========================================================================
Received Prepare
Refreshing native plugins compatible for Editor in 1.03 ms, found 0 plugins.
Preloading 0 native plugins for Editor in 0.00 ms.
Unloading 0 Unused Serialized files (Serialized files now loaded: 0)
Unloading 6064 unused Assets / (1.9 MB). Loaded Objects now: 6583.
Memory consumption went from 108.8 MB to 106.9 MB.
Total: 12.552811 ms (FindLiveObjects: 0.636030 ms CreateObjectMapping: 0.616286 ms MarkObjects: 8.770549 ms  DeleteObjects: 2.528526 ms)

Prepare: number of updated asset objects reloaded= 0
========================================================================
Received Prepare
Begin MonoManager ReloadAssembly
Symbol file LoadedFromMemory is not a mono symbol file
- Loaded All Assemblies, in  1.054 seconds
Refreshing native plugins compatible for Editor in 1.03 ms, found 0 plugins.
Native extension for LinuxStandalone target not found
Native extension for Android target not found
Mono: successfully reloaded assembly
- Finished resetting the current domain, in  1.025 seconds
Domain Reload Profiling: 2079ms
	BeginReloadAssembly (244ms)
		ExecutionOrderSort (0ms)
		DisableScriptedObjects (6ms)
		BackupInstance (0ms)
		ReleaseScriptingObjects (0ms)
		CreateAndSetChildDomain (68ms)
	RebuildCommonClasses (75ms)
	RebuildNativeTypeToScriptingClass (22ms)
	initialDomainReloadingComplete (118ms)
	LoadAllAssembliesAndSetupDomain (594ms)
		LoadAssemblies (430ms)
		RebuildTransferFunctionScriptingTraits (0ms)
		AnalyzeDomain (273ms)
			TypeCache.Refresh (17ms)
				TypeCache.ScanAssembly (1ms)
			BuildScriptInfoCaches (246ms)
			ResolveRequiredComponents (7ms)
	FinalizeReload (1026ms)
		ReleaseScriptCaches (0ms)
		RebuildScriptCaches (0ms)
		SetupLoadedEditorAssemblies (824ms)
			LogAssemblyErrors (0ms)
			InitializePlatformSupportModulesInManaged (72ms)
			SetLoadedEditorAssemblies (21ms)
			BeforeProcessingInitializeOnLoad (234ms)
			ProcessInitializeOnLoadAttributes (411ms)
			ProcessInitializeOnLoadMethodAttributes (81ms)
			AfterProcessingInitializeOnLoad (4ms)
			EditorAssembliesLoaded (1ms)
		ExecutionOrderSort2 (0ms)
		AwakeInstancesAfterBackupRestoration (4ms)
Refreshing native plugins compatible for Editor in 1.06 ms, found 0 plugins.
Preloading 0 native plugins for Editor in 0.00 ms.
Unloading 0 Unused Serialized files (Serialized files now loaded: 0)
Unloading 6084 unused Assets / (2.3 MB). Loaded Objects now: 6586.
Memory consumption went from 108.6 MB to 106.4 MB.
Total: 12.873713 ms (FindLiveObjects: 0.642116 ms CreateObjectMapping: 0.838363 ms MarkObjects: 7.075039 ms  DeleteObjects: 4.316463 ms)

Prepare: number of updated asset objects reloaded= 0
========================================================================
Received Import Request.
  Time since last request: 3001.917361 seconds.
  path: Assets/SceneJeu/Scripts/CarSpawner.cs
  artifactKey: Guid(bda951f105b840ef28c4ead46573043d) Importer(815301076,1909f56bfc062723c751e8b465ee728b)
Start importing Assets/SceneJeu/Scripts/CarSpawner.cs using Guid(bda951f105b840ef28c4ead46573043d) Importer(815301076,1909f56bfc062723c751e8b465ee728b) (PreviewImporter) -> (artifact id: 'd105b728d131e60286b9e4ca6765cbfe') in 0.006153144 seconds
Number of updated asset objects reloaded before import = 0Number of asset objects unloaded after import = 0

========================================================================
Received Prepare
Refreshing native plugins compatible for Editor in 1.26 ms, found 0 plugins.
Preloading 0 native plugins for Editor in 0.00 ms.
Unloading 0 Unused Serialized files (Serialized files now loaded: 0)
Unloading 6064 unused Assets / (1.7 MB). Loaded Objects now: 6586.
Memory consumption went from 108.8 MB to 107.1 MB.
Total: 12.354180 ms (FindLiveObjects: 0.780256 ms CreateObjectMapping: 0.869061 ms MarkObjects: 8.245085 ms  DeleteObjects: 2.457947 ms)

Prepare: number of updated asset objects reloaded= 0
========================================================================
Received Prepare
Begin MonoManager ReloadAssembly
Symbol file LoadedFromMemory is not a mono symbol file
- Loaded All Assemblies, in  0.868 seconds
Refreshing native plugins compatible for Editor in 0.99 ms, found 0 plugins.
Native extension for LinuxStandalone target not found
Native extension for Android target not found
Mono: successfully reloaded assembly
- Finished resetting the current domain, in  0.826 seconds
Domain Reload Profiling: 1696ms
	BeginReloadAssembly (200ms)
		ExecutionOrderSort (0ms)
		DisableScriptedObjects (6ms)
		BackupInstance (0ms)
		ReleaseScriptingObjects (0ms)
		CreateAndSetChildDomain (65ms)
	RebuildCommonClasses (48ms)
	RebuildNativeTypeToScriptingClass (12ms)
	initialDomainReloadingComplete (73ms)
	LoadAllAssembliesAndSetupDomain (538ms)
		LoadAssemblies (351ms)
		RebuildTransferFunctionScriptingTraits (0ms)
		AnalyzeDomain (261ms)
			TypeCache.Refresh (15ms)
				TypeCache.ScanAssembly (1ms)
			BuildScriptInfoCaches (236ms)
			ResolveRequiredComponents (7ms)
	FinalizeReload (826ms)
		ReleaseScriptCaches (0ms)
		RebuildScriptCaches (0ms)
		SetupLoadedEditorAssemblies (652ms)
			LogAssemblyErrors (0ms)
			InitializePlatformSupportModulesInManaged (51ms)
			SetLoadedEditorAssemblies (10ms)
			BeforeProcessingInitializeOnLoad (150ms)
			ProcessInitializeOnLoadAttributes (366ms)
			ProcessInitializeOnLoadMethodAttributes (71ms)
			AfterProcessingInitializeOnLoad (4ms)
			EditorAssembliesLoaded (1ms)
		ExecutionOrderSort2 (0ms)
		AwakeInstancesAfterBackupRestoration (4ms)
Refreshing native plugins compatible for Editor in 1.06 ms, found 0 plugins.
Preloading 0 native plugins for Editor in 0.00 ms.
Unloading 0 Unused Serialized files (Serialized files now loaded: 0)
Unloading 6084 unused Assets / (3.8 MB). Loaded Objects now: 6589.
Memory consumption went from 108.6 MB to 104.8 MB.
Total: 14.226796 ms (FindLiveObjects: 0.554627 ms CreateObjectMapping: 0.865603 ms MarkObjects: 6.979075 ms  DeleteObjects: 5.826174 ms)

Prepare: number of updated asset objects reloaded= 0
========================================================================
Received Prepare
Begin MonoManager ReloadAssembly
Symbol file LoadedFromMemory is not a mono symbol file
- Loaded All Assemblies, in  1.109 seconds
Refreshing native plugins compatible for Editor in 0.99 ms, found 0 plugins.
Native extension for LinuxStandalone target not found
Native extension for Android target not found
Mono: successfully reloaded assembly
- Finished resetting the current domain, in  0.900 seconds
Domain Reload Profiling: 2010ms
	BeginReloadAssembly (270ms)
		ExecutionOrderSort (0ms)
		DisableScriptedObjects (6ms)
		BackupInstance (0ms)
		ReleaseScriptingObjects (0ms)
		CreateAndSetChildDomain (91ms)
	RebuildCommonClasses (72ms)
	RebuildNativeTypeToScriptingClass (23ms)
	initialDomainReloadingComplete (111ms)
	LoadAllAssembliesAndSetupDomain (633ms)
		LoadAssemblies (483ms)
		RebuildTransferFunctionScriptingTraits (0ms)
		AnalyzeDomain (262ms)
			TypeCache.Refresh (11ms)
				TypeCache.ScanAssembly (0ms)
			BuildScriptInfoCaches (241ms)
			ResolveRequiredComponents (7ms)
	FinalizeReload (901ms)
		ReleaseScriptCaches (0ms)
		RebuildScriptCaches (0ms)
		SetupLoadedEditorAssemblies (727ms)
			LogAssemblyErrors (0ms)
			InitializePlatformSupportModulesInManaged (60ms)
			SetLoadedEditorAssemblies (8ms)
			BeforeProcessingInitializeOnLoad (144ms)
			ProcessInitializeOnLoadAttributes (400ms)
			ProcessInitializeOnLoadMethodAttributes (110ms)
			AfterProcessingInitializeOnLoad (5ms)
			EditorAssembliesLoaded (1ms)
		ExecutionOrderSort2 (0ms)
		AwakeInstancesAfterBackupRestoration (5ms)
Refreshing native plugins compatible for Editor in 1.05 ms, found 0 plugins.
Preloading 0 native plugins for Editor in 0.00 ms.
Unloading 0 Unused Serialized files (Serialized files now loaded: 0)
Unloading 6084 unused Assets / (2.5 MB). Loaded Objects now: 6592.
Memory consumption went from 108.7 MB to 106.2 MB.
Total: 15.176731 ms (FindLiveObjects: 0.737500 ms CreateObjectMapping: 1.100535 ms MarkObjects: 7.863780 ms  DeleteObjects: 5.473626 ms)

Prepare: number of updated asset objects reloaded= 0
========================================================================
Received Prepare
Begin MonoManager ReloadAssembly
Symbol file LoadedFromMemory is not a mono symbol file
- Loaded All Assemblies, in  0.958 seconds
Refreshing native plugins compatible for Editor in 0.94 ms, found 0 plugins.
Native extension for LinuxStandalone target not found
Native extension for Android target not found
Mono: successfully reloaded assembly
- Finished resetting the current domain, in  0.975 seconds
Domain Reload Profiling: 1938ms
	BeginReloadAssembly (216ms)
		ExecutionOrderSort (0ms)
		DisableScriptedObjects (6ms)
		BackupInstance (0ms)
		ReleaseScriptingObjects (0ms)
		CreateAndSetChildDomain (73ms)
	RebuildCommonClasses (49ms)
	RebuildNativeTypeToScriptingClass (12ms)
	initialDomainReloadingComplete (74ms)
	LoadAllAssembliesAndSetupDomain (610ms)
		LoadAssemblies (425ms)
		RebuildTransferFunctionScriptingTraits (0ms)
		AnalyzeDomain (261ms)
			TypeCache.Refresh (10ms)
				TypeCache.ScanAssembly (0ms)
			BuildScriptInfoCaches (241ms)
			ResolveRequiredComponents (7ms)
	FinalizeReload (976ms)
		ReleaseScriptCaches (0ms)
		RebuildScriptCaches (0ms)
		SetupLoadedEditorAssemblies (806ms)
			LogAssemblyErrors (0ms)
			InitializePlatformSupportModulesInManaged (55ms)
			SetLoadedEditorAssemblies (13ms)
			BeforeProcessingInitializeOnLoad (238ms)
			ProcessInitializeOnLoadAttributes (418ms)
			ProcessInitializeOnLoadMethodAttributes (78ms)
			AfterProcessingInitializeOnLoad (4ms)
			EditorAssembliesLoaded (1ms)
		ExecutionOrderSort2 (0ms)
		AwakeInstancesAfterBackupRestoration (4ms)
Refreshing native plugins compatible for Editor in 1.06 ms, found 0 plugins.
Preloading 0 native plugins for Editor in 0.00 ms.
Unloading 0 Unused Serialized files (Serialized files now loaded: 0)
Unloading 6084 unused Assets / (2.4 MB). Loaded Objects now: 6595.
Memory consumption went from 108.7 MB to 106.3 MB.
Total: 13.527417 ms (FindLiveObjects: 0.624294 ms CreateObjectMapping: 1.567844 ms MarkObjects: 7.030564 ms  DeleteObjects: 4.303491 ms)

Prepare: number of updated asset objects reloaded= 0
========================================================================
Received Prepare
Begin MonoManager ReloadAssembly
Symbol file LoadedFromMemory is not a mono symbol file
- Loaded All Assemblies, in  1.010 seconds
Refreshing native plugins compatible for Editor in 0.98 ms, found 0 plugins.
Native extension for LinuxStandalone target not found
Native extension for Android target not found
Mono: successfully reloaded assembly
- Finished resetting the current domain, in  0.899 seconds
Domain Reload Profiling: 1913ms
	BeginReloadAssembly (208ms)
		ExecutionOrderSort (0ms)
		DisableScriptedObjects (6ms)
		BackupInstance (0ms)
		ReleaseScriptingObjects (0ms)
		CreateAndSetChildDomain (71ms)
	RebuildCommonClasses (48ms)
	RebuildNativeTypeToScriptingClass (12ms)
	initialDomainReloadingComplete (72ms)
	LoadAllAssembliesAndSetupDomain (672ms)
		LoadAssemblies (423ms)
		RebuildTransferFunctionScriptingTraits (0ms)
		AnalyzeDomain (322ms)
			TypeCache.Refresh (15ms)
				TypeCache.ScanAssembly (0ms)
			BuildScriptInfoCaches (297ms)
			ResolveRequiredComponents (7ms)
	FinalizeReload (900ms)
		ReleaseScriptCaches (0ms)
		RebuildScriptCaches (0ms)
		SetupLoadedEditorAssemblies (732ms)
			LogAssemblyErrors (0ms)
			InitializePlatformSupportModulesInManaged (62ms)
			SetLoadedEditorAssemblies (12ms)
			BeforeProcessingInitializeOnLoad (208ms)
			ProcessInitializeOnLoadAttributes (374ms)
			ProcessInitializeOnLoadMethodAttributes (71ms)
			AfterProcessingInitializeOnLoad (4ms)
			EditorAssembliesLoaded (1ms)
		ExecutionOrderSort2 (0ms)
		AwakeInstancesAfterBackupRestoration (4ms)
Refreshing native plugins compatible for Editor in 1.11 ms, found 0 plugins.
Preloading 0 native plugins for Editor in 0.00 ms.
Unloading 0 Unused Serialized files (Serialized files now loaded: 0)
Unloading 6084 unused Assets / (2.3 MB). Loaded Objects now: 6598.
Memory consumption went from 108.7 MB to 106.3 MB.
Total: 12.637911 ms (FindLiveObjects: 0.674790 ms CreateObjectMapping: 0.805594 ms MarkObjects: 6.929916 ms  DeleteObjects: 4.226223 ms)

Prepare: number of updated asset objects reloaded= 0
========================================================================
Received Prepare
Refreshing native plugins compatible for Editor in 1.10 ms, found 0 plugins.
Preloading 0 native plugins for Editor in 0.00 ms.
Unloading 0 Unused Serialized files (Serialized files now loaded: 0)
Unloading 6064 unused Assets / (1.9 MB). Loaded Objects now: 6598.
Memory consumption went from 108.8 MB to 106.9 MB.
Total: 11.301088 ms (FindLiveObjects: 0.763336 ms CreateObjectMapping: 0.721606 ms MarkObjects: 7.620584 ms  DeleteObjects: 2.193408 ms)

Prepare: number of updated asset objects reloaded= 0
========================================================================
Received Prepare
Begin MonoManager ReloadAssembly
Symbol file LoadedFromMemory is not a mono symbol file
- Loaded All Assemblies, in  1.049 seconds
Refreshing native plugins compatible for Editor in 0.94 ms, found 0 plugins.
Native extension for LinuxStandalone target not found
Native extension for Android target not found
Mono: successfully reloaded assembly
- Finished resetting the current domain, in  1.075 seconds
Domain Reload Profiling: 2128ms
	BeginReloadAssembly (247ms)
		ExecutionOrderSort (0ms)
		DisableScriptedObjects (7ms)
		BackupInstance (0ms)
		ReleaseScriptingObjects (0ms)
		CreateAndSetChildDomain (82ms)
	RebuildCommonClasses (51ms)
	RebuildNativeTypeToScriptingClass (12ms)
	initialDomainReloadingComplete (78ms)
	LoadAllAssembliesAndSetupDomain (664ms)
		LoadAssemblies (454ms)
		RebuildTransferFunctionScriptingTraits (0ms)
		AnalyzeDomain (289ms)
			TypeCache.Refresh (17ms)
				TypeCache.ScanAssembly (2ms)
			BuildScriptInfoCaches (262ms)
			ResolveRequiredComponents (7ms)
	FinalizeReload (1076ms)
		ReleaseScriptCaches (0ms)
		RebuildScriptCaches (0ms)
		SetupLoadedEditorAssemblies (897ms)
			LogAssemblyErrors (0ms)
			InitializePlatformSupportModulesInManaged (61ms)
			SetLoadedEditorAssemblies (13ms)
			BeforeProcessingInitializeOnLoad (230ms)
			ProcessInitializeOnLoadAttributes (509ms)
			ProcessInitializeOnLoadMethodAttributes (79ms)
			AfterProcessingInitializeOnLoad (4ms)
			EditorAssembliesLoaded (1ms)
		ExecutionOrderSort2 (0ms)
		AwakeInstancesAfterBackupRestoration (4ms)
Refreshing native plugins compatible for Editor in 1.06 ms, found 0 plugins.
Preloading 0 native plugins for Editor in 0.00 ms.
Unloading 0 Unused Serialized files (Serialized files now loaded: 0)
Unloading 6084 unused Assets / (3.2 MB). Loaded Objects now: 6601.
Memory consumption went from 108.7 MB to 105.5 MB.
Total: 14.460404 ms (FindLiveObjects: 0.730393 ms CreateObjectMapping: 0.890167 ms MarkObjects: 8.098736 ms  DeleteObjects: 4.738815 ms)

Prepare: number of updated asset objects reloaded= 0
========================================================================
Received Import Request.
  Time since last request: 2850.085680 seconds.
  path: Assets/SceneJeu/prefab/Free Racing Car Variant 1.prefab
  artifactKey: Guid(f44177c9a71001dd4b6b29083c431937) Importer(815301076,1909f56bfc062723c751e8b465ee728b)
Start importing Assets/SceneJeu/prefab/Free Racing Car Variant 1.prefab using Guid(f44177c9a71001dd4b6b29083c431937) Importer(815301076,1909f56bfc062723c751e8b465ee728b) (PreviewImporter) -> (artifact id: 'bb147eb14aced04a120875c4aa01d56b') in 0.185511475 seconds
Number of updated asset objects reloaded before import = 0Number of asset objects unloaded after import = 81

========================================================================
Received Prepare
Begin MonoManager ReloadAssembly
Symbol file LoadedFromMemory is not a mono symbol file
- Loaded All Assemblies, in  1.100 seconds
Refreshing native plugins compatible for Editor in 1.37 ms, found 0 plugins.
Native extension for LinuxStandalone target not found
Native extension for Android target not found
Mono: successfully reloaded assembly
- Finished resetting the current domain, in  0.989 seconds
Domain Reload Profiling: 2092ms
	BeginReloadAssembly (278ms)
		ExecutionOrderSort (0ms)
		DisableScriptedObjects (8ms)
		BackupInstance (0ms)
		ReleaseScriptingObjects (0ms)
		CreateAndSetChildDomain (91ms)
	RebuildCommonClasses (71ms)
	RebuildNativeTypeToScriptingClass (21ms)
	initialDomainReloadingComplete (109ms)
	LoadAllAssembliesAndSetupDomain (623ms)
		LoadAssemblies (455ms)
		RebuildTransferFunctionScriptingTraits (0ms)
		AnalyzeDomain (273ms)
			TypeCache.Refresh (12ms)
				TypeCache.ScanAssembly (0ms)
			BuildScriptInfoCaches (248ms)
			ResolveRequiredComponents (9ms)
	FinalizeReload (990ms)
		ReleaseScriptCaches (0ms)
		RebuildScriptCaches (0ms)
		SetupLoadedEditorAssemblies (781ms)
			LogAssemblyErrors (0ms)
			InitializePlatformSupportModulesInManaged (60ms)
			SetLoadedEditorAssemblies (9ms)
			BeforeProcessingInitializeOnLoad (203ms)
			ProcessInitializeOnLoadAttributes (424ms)
			ProcessInitializeOnLoadMethodAttributes (81ms)
			AfterProcessingInitializeOnLoad (4ms)
			EditorAssembliesLoaded (1ms)
		ExecutionOrderSort2 (0ms)
		AwakeInstancesAfterBackupRestoration (4ms)
Refreshing native plugins compatible for Editor in 1.16 ms, found 0 plugins.
Preloading 0 native plugins for Editor in 0.00 ms.
Unloading 0 Unused Serialized files (Serialized files now loaded: 0)
Unloading 6084 unused Assets / (3.4 MB). Loaded Objects now: 6612.
Memory consumption went from 110.0 MB to 106.6 MB.
Total: 16.211726 ms (FindLiveObjects: 1.144810 ms CreateObjectMapping: 0.990876 ms MarkObjects: 8.095220 ms  DeleteObjects: 5.978525 ms)

Prepare: number of updated asset objects reloaded= 0
========================================================================
Received Prepare
Begin MonoManager ReloadAssembly
Symbol file LoadedFromMemory is not a mono symbol file
- Loaded All Assemblies, in  0.888 seconds
Refreshing native plugins compatible for Editor in 1.01 ms, found 0 plugins.
Native extension for LinuxStandalone target not found
Native extension for Android target not found
Mono: successfully reloaded assembly
- Finished resetting the current domain, in  0.878 seconds
Domain Reload Profiling: 1769ms
	BeginReloadAssembly (207ms)
		ExecutionOrderSort (0ms)
		DisableScriptedObjects (6ms)
		BackupInstance (0ms)
		ReleaseScriptingObjects (0ms)
		CreateAndSetChildDomain (68ms)
	RebuildCommonClasses (50ms)
	RebuildNativeTypeToScriptingClass (12ms)
	initialDomainReloadingComplete (73ms)
	LoadAllAssembliesAndSetupDomain (549ms)
		LoadAssemblies (364ms)
		RebuildTransferFunctionScriptingTraits (0ms)
		AnalyzeDomain (261ms)
			TypeCache.Refresh (11ms)
				TypeCache.ScanAssembly (0ms)
			BuildScriptInfoCaches (240ms)
			ResolveRequiredComponents (7ms)
	FinalizeReload (878ms)
		ReleaseScriptCaches (0ms)
		RebuildScriptCaches (0ms)
		SetupLoadedEditorAssemblies (706ms)
			LogAssemblyErrors (0ms)
			InitializePlatformSupportModulesInManaged (59ms)
			SetLoadedEditorAssemblies (9ms)
			BeforeProcessingInitializeOnLoad (152ms)
			ProcessInitializeOnLoadAttributes (402ms)
			ProcessInitializeOnLoadMethodAttributes (79ms)
			AfterProcessingInitializeOnLoad (4ms)
			EditorAssembliesLoaded (1ms)
		ExecutionOrderSort2 (0ms)
		AwakeInstancesAfterBackupRestoration (4ms)
Refreshing native plugins compatible for Editor in 1.06 ms, found 0 plugins.
Preloading 0 native plugins for Editor in 0.00 ms.
Unloading 0 Unused Serialized files (Serialized files now loaded: 0)
Unloading 6084 unused Assets / (3.2 MB). Loaded Objects now: 6615.
Memory consumption went from 110.0 MB to 106.8 MB.
Total: 14.244021 ms (FindLiveObjects: 0.696041 ms CreateObjectMapping: 0.801517 ms MarkObjects: 7.661788 ms  DeleteObjects: 5.083295 ms)

Prepare: number of updated asset objects reloaded= 0
========================================================================
Received Prepare
Begin MonoManager ReloadAssembly
Symbol file LoadedFromMemory is not a mono symbol file
- Loaded All Assemblies, in  0.942 seconds
Refreshing native plugins compatible for Editor in 1.04 ms, found 0 plugins.
Native extension for LinuxStandalone target not found
Native extension for Android target not found
Mono: successfully reloaded assembly
- Finished resetting the current domain, in  1.062 seconds
Domain Reload Profiling: 2008ms
	BeginReloadAssembly (210ms)
		ExecutionOrderSort (0ms)
		DisableScriptedObjects (6ms)
		BackupInstance (0ms)
		ReleaseScriptingObjects (0ms)
		CreateAndSetChildDomain (68ms)
	RebuildCommonClasses (56ms)
	RebuildNativeTypeToScriptingClass (16ms)
	initialDomainReloadingComplete (75ms)
	LoadAllAssembliesAndSetupDomain (588ms)
		LoadAssemblies (391ms)
		RebuildTransferFunctionScriptingTraits (0ms)
		AnalyzeDomain (273ms)
			TypeCache.Refresh (11ms)
				TypeCache.ScanAssembly (0ms)
			BuildScriptInfoCaches (251ms)
			ResolveRequiredComponents (7ms)
	FinalizeReload (1063ms)
		ReleaseScriptCaches (0ms)
		RebuildScriptCaches (0ms)
		SetupLoadedEditorAssemblies (864ms)
			LogAssemblyErrors (0ms)
			InitializePlatformSupportModulesInManaged (59ms)
			SetLoadedEditorAssemblies (11ms)
			BeforeProcessingInitializeOnLoad (176ms)
			ProcessInitializeOnLoadAttributes (496ms)
			ProcessInitializeOnLoadMethodAttributes (113ms)
			AfterProcessingInitializeOnLoad (7ms)
			EditorAssembliesLoaded (1ms)
		ExecutionOrderSort2 (0ms)
		AwakeInstancesAfterBackupRestoration (7ms)
Refreshing native plugins compatible for Editor in 1.11 ms, found 0 plugins.
Preloading 0 native plugins for Editor in 0.00 ms.
Unloading 0 Unused Serialized files (Serialized files now loaded: 0)
Unloading 6084 unused Assets / (3.5 MB). Loaded Objects now: 6618.
Memory consumption went from 110.0 MB to 106.5 MB.
Total: 17.363197 ms (FindLiveObjects: 0.900599 ms CreateObjectMapping: 1.657946 ms MarkObjects: 9.083587 ms  DeleteObjects: 5.718525 ms)

Prepare: number of updated asset objects reloaded= 0
========================================================================
Received Prepare
Begin MonoManager ReloadAssembly
Symbol file LoadedFromMemory is not a mono symbol file
- Loaded All Assemblies, in  0.923 seconds
Refreshing native plugins compatible for Editor in 1.65 ms, found 0 plugins.
Native extension for LinuxStandalone target not found
Native extension for Android target not found
Mono: successfully reloaded assembly
- Finished resetting the current domain, in  0.920 seconds
Domain Reload Profiling: 1846ms
	BeginReloadAssembly (211ms)
		ExecutionOrderSort (0ms)
		DisableScriptedObjects (6ms)
		BackupInstance (0ms)
		ReleaseScriptingObjects (0ms)
		CreateAndSetChildDomain (72ms)
	RebuildCommonClasses (49ms)
	RebuildNativeTypeToScriptingClass (12ms)
	initialDomainReloadingComplete (72ms)
	LoadAllAssembliesAndSetupDomain (582ms)
		LoadAssemblies (375ms)
		RebuildTransferFunctionScriptingTraits (0ms)
		AnalyzeDomain (282ms)
			TypeCache.Refresh (11ms)
				TypeCache.ScanAssembly (0ms)
			BuildScriptInfoCaches (260ms)
			ResolveRequiredComponents (7ms)
	FinalizeReload (921ms)
		ReleaseScriptCaches (0ms)
		RebuildScriptCaches (0ms)
		SetupLoadedEditorAssemblies (697ms)
			LogAssemblyErrors (0ms)
			InitializePlatformSupportModulesInManaged (54ms)
			SetLoadedEditorAssemblies (10ms)
			BeforeProcessingInitializeOnLoad (180ms)
			ProcessInitializeOnLoadAttributes (379ms)
			ProcessInitializeOnLoadMethodAttributes (69ms)
			AfterProcessingInitializeOnLoad (3ms)
			EditorAssembliesLoaded (1ms)
		ExecutionOrderSort2 (0ms)
		AwakeInstancesAfterBackupRestoration (4ms)
Refreshing native plugins compatible for Editor in 1.04 ms, found 0 plugins.
Preloading 0 native plugins for Editor in 0.00 ms.
Unloading 0 Unused Serialized files (Serialized files now loaded: 0)
Unloading 6084 unused Assets / (3.1 MB). Loaded Objects now: 6621.
Memory consumption went from 110.0 MB to 106.9 MB.
Total: 12.964668 ms (FindLiveObjects: 0.702976 ms CreateObjectMapping: 1.211670 ms MarkObjects: 6.456855 ms  DeleteObjects: 4.591886 ms)

Prepare: number of updated asset objects reloaded= 0
========================================================================
Received Prepare
Begin MonoManager ReloadAssembly
Symbol file LoadedFromMemory is not a mono symbol file
- Loaded All Assemblies, in  1.168 seconds
Refreshing native plugins compatible for Editor in 1.07 ms, found 0 plugins.
Native extension for LinuxStandalone target not found
Native extension for Android target not found
Mono: successfully reloaded assembly
- Finished resetting the current domain, in  1.063 seconds
Domain Reload Profiling: 2234ms
	BeginReloadAssembly (257ms)
		ExecutionOrderSort (0ms)
		DisableScriptedObjects (10ms)
		BackupInstance (0ms)
		ReleaseScriptingObjects (0ms)
		CreateAndSetChildDomain (88ms)
	RebuildCommonClasses (52ms)
	RebuildNativeTypeToScriptingClass (22ms)
	initialDomainReloadingComplete (115ms)
	LoadAllAssembliesAndSetupDomain (723ms)
		LoadAssemblies (468ms)
		RebuildTransferFunctionScriptingTraits (0ms)
		AnalyzeDomain (335ms)
			TypeCache.Refresh (11ms)
				TypeCache.ScanAssembly (0ms)
			BuildScriptInfoCaches (309ms)
			ResolveRequiredComponents (11ms)
	FinalizeReload (1064ms)
		ReleaseScriptCaches (0ms)
		RebuildScriptCaches (0ms)
		SetupLoadedEditorAssemblies (874ms)
			LogAssemblyErrors (0ms)
			InitializePlatformSupportModulesInManaged (70ms)
			SetLoadedEditorAssemblies (13ms)
			BeforeProcessingInitializeOnLoad (204ms)
			ProcessInitializeOnLoadAttributes (456ms)
			ProcessInitializeOnLoadMethodAttributes (127ms)
			AfterProcessingInitializeOnLoad (4ms)
			EditorAssembliesLoaded (1ms)
		ExecutionOrderSort2 (0ms)
		AwakeInstancesAfterBackupRestoration (4ms)
Refreshing native plugins compatible for Editor in 1.08 ms, found 0 plugins.
Preloading 0 native plugins for Editor in 0.00 ms.
Unloading 0 Unused Serialized files (Serialized files now loaded: 0)
Unloading 6084 unused Assets / (2.4 MB). Loaded Objects now: 6624.
Memory consumption went from 110.0 MB to 107.7 MB.
Total: 15.726666 ms (FindLiveObjects: 0.899162 ms CreateObjectMapping: 1.632693 ms MarkObjects: 7.885457 ms  DeleteObjects: 5.305973 ms)

Prepare: number of updated asset objects reloaded= 0
========================================================================
Received Prepare
Refreshing native plugins compatible for Editor in 1.04 ms, found 0 plugins.
Preloading 0 native plugins for Editor in 0.00 ms.
Unloading 0 Unused Serialized files (Serialized files now loaded: 0)
Unloading 6064 unused Assets / (2.4 MB). Loaded Objects now: 6624.
Memory consumption went from 110.2 MB to 107.7 MB.
Total: 13.410086 ms (FindLiveObjects: 0.804832 ms CreateObjectMapping: 0.726382 ms MarkObjects: 8.889735 ms  DeleteObjects: 2.986714 ms)

Prepare: number of updated asset objects reloaded= 0
========================================================================
Received Prepare
Begin MonoManager ReloadAssembly
Symbol file LoadedFromMemory is not a mono symbol file
- Loaded All Assemblies, in  0.925 seconds
Refreshing native plugins compatible for Editor in 0.91 ms, found 0 plugins.
Native extension for LinuxStandalone target not found
Native extension for Android target not found
Mono: successfully reloaded assembly
- Finished resetting the current domain, in  0.874 seconds
Domain Reload Profiling: 1801ms
	BeginReloadAssembly (207ms)
		ExecutionOrderSort (0ms)
		DisableScriptedObjects (6ms)
		BackupInstance (0ms)
		ReleaseScriptingObjects (0ms)
		CreateAndSetChildDomain (71ms)
	RebuildCommonClasses (50ms)
	RebuildNativeTypeToScriptingClass (12ms)
	initialDomainReloadingComplete (74ms)
	LoadAllAssembliesAndSetupDomain (585ms)
		LoadAssemblies (378ms)
		RebuildTransferFunctionScriptingTraits (0ms)
		AnalyzeDomain (279ms)
			TypeCache.Refresh (16ms)
				TypeCache.ScanAssembly (1ms)
			BuildScriptInfoCaches (248ms)
			ResolveRequiredComponents (10ms)
	FinalizeReload (874ms)
		ReleaseScriptCaches (0ms)
		RebuildScriptCaches (0ms)
		SetupLoadedEditorAssemblies (693ms)
			LogAssemblyErrors (0ms)
			InitializePlatformSupportModulesInManaged (60ms)
			SetLoadedEditorAssemblies (9ms)
			BeforeProcessingInitializeOnLoad (170ms)
			ProcessInitializeOnLoadAttributes (375ms)
			ProcessInitializeOnLoadMethodAttributes (74ms)
			AfterProcessingInitializeOnLoad (4ms)
			EditorAssembliesLoaded (1ms)
		ExecutionOrderSort2 (0ms)
		AwakeInstancesAfterBackupRestoration (4ms)
Refreshing native plugins compatible for Editor in 1.01 ms, found 0 plugins.
Preloading 0 native plugins for Editor in 0.00 ms.
Unloading 0 Unused Serialized files (Serialized files now loaded: 0)
Unloading 6084 unused Assets / (3.6 MB). Loaded Objects now: 6627.
Memory consumption went from 110.0 MB to 106.4 MB.
Total: 13.453160 ms (FindLiveObjects: 0.538226 ms CreateObjectMapping: 0.735477 ms MarkObjects: 6.709731 ms  DeleteObjects: 5.468181 ms)

Prepare: number of updated asset objects reloaded= 0
========================================================================
Received Prepare
Begin MonoManager ReloadAssembly
Symbol file LoadedFromMemory is not a mono symbol file
- Loaded All Assemblies, in  0.903 seconds
Refreshing native plugins compatible for Editor in 0.94 ms, found 0 plugins.
Native extension for LinuxStandalone target not found
Native extension for Android target not found
Mono: successfully reloaded assembly
- Finished resetting the current domain, in  0.929 seconds
Domain Reload Profiling: 1837ms
	BeginReloadAssembly (208ms)
		ExecutionOrderSort (0ms)
		DisableScriptedObjects (6ms)
		BackupInstance (0ms)
		ReleaseScriptingObjects (0ms)
		CreateAndSetChildDomain (70ms)
	RebuildCommonClasses (50ms)
	RebuildNativeTypeToScriptingClass (12ms)
	initialDomainReloadingComplete (73ms)
	LoadAllAssembliesAndSetupDomain (564ms)
		LoadAssemblies (369ms)
		RebuildTransferFunctionScriptingTraits (0ms)
		AnalyzeDomain (268ms)
			TypeCache.Refresh (12ms)
				TypeCache.ScanAssembly (0ms)
			BuildScriptInfoCaches (247ms)
			ResolveRequiredComponents (7ms)
	FinalizeReload (930ms)
		ReleaseScriptCaches (0ms)
		RebuildScriptCaches (0ms)
		SetupLoadedEditorAssemblies (752ms)
			LogAssemblyErrors (0ms)
			InitializePlatformSupportModulesInManaged (64ms)
			SetLoadedEditorAssemblies (12ms)
			BeforeProcessingInitializeOnLoad (157ms)
			ProcessInitializeOnLoadAttributes (434ms)
			ProcessInitializeOnLoadMethodAttributes (80ms)
			AfterProcessingInitializeOnLoad (4ms)
			EditorAssembliesLoaded (1ms)
		ExecutionOrderSort2 (0ms)
		AwakeInstancesAfterBackupRestoration (5ms)
Refreshing native plugins compatible for Editor in 1.05 ms, found 0 plugins.
Preloading 0 native plugins for Editor in 0.00 ms.
Unloading 0 Unused Serialized files (Serialized files now loaded: 0)
Unloading 6084 unused Assets / (2.7 MB). Loaded Objects now: 6630.
Memory consumption went from 110.1 MB to 107.4 MB.
Total: 13.768731 ms (FindLiveObjects: 0.656548 ms CreateObjectMapping: 0.829799 ms MarkObjects: 7.360768 ms  DeleteObjects: 4.919979 ms)

Prepare: number of updated asset objects reloaded= 0
========================================================================
Received Prepare
Begin MonoManager ReloadAssembly
Symbol file LoadedFromMemory is not a mono symbol file
- Loaded All Assemblies, in  0.954 seconds
Refreshing native plugins compatible for Editor in 0.90 ms, found 0 plugins.
Native extension for LinuxStandalone target not found
Native extension for Android target not found
System.Reflection.TargetInvocationException: Exception has been thrown by the target of an invocation. ---> System.NullReferenceException: Object reference not set to an instance of an object
  at Unity.Multiplayer.Playmode.Workflow.Editor.ProjectDataStore..ctor (System.String directory) [0x0006e] in ./Library/PackageCache/com.unity.multiplayer.playmode@7f4b34d911b7/Workflow/Editor/Configuration/ProjectDataStore.cs:55 
  at Unity.Multiplayer.Playmode.Workflow.Editor.ProjectDataStore.GetMain () [0x00000] in ./Library/PackageCache/com.unity.multiplayer.playmode@7f4b34d911b7/Workflow/Editor/Configuration/ProjectDataStore.cs:36 
  at Unity.Multiplayer.Playmode.Workflow.Editor.WorkflowMainEditorContext..ctor (Unity.Multiplayer.Playmode.VirtualProjects.Editor.MainEditorContext mainEditorContext) [0x0002c] in ./Library/PackageCache/com.unity.multiplayer.playmode@7f4b34d911b7/Workflow/Editor/Contexts/WorkflowMainEditorContext.cs:15 
  at Unity.Multiplayer.Playmode.Workflow.Editor.VirtualProjectWorkflow.InitializeMPPMContexts () [0x00018] in ./Library/PackageCache/com.unity.multiplayer.playmode@7f4b34d911b7/Workflow/Editor/Workflow/VirtualProjectWorkflow.cs:198 
  at Unity.Multiplayer.Playmode.Workflow.Editor.VirtualProjectWorkflow+<>c.<.cctor>b__22_0 () [0x00036] in ./Library/PackageCache/com.unity.multiplayer.playmode@7f4b34d911b7/Workflow/Editor/Workflow/VirtualProjectWorkflow.cs:85 
  at Unity.Multiplayer.Playmode.VirtualProjects.Editor.EditorContexts.SendReadyEvent () [0x00038] in ./Library/PackageCache/com.unity.multiplayer.playmode@7f4b34d911b7/VirtualProjects/Editor/Contexts/EditorContexts.cs:56 
  at (wrapper managed-to-native) System.Reflection.RuntimeMethodInfo.InternalInvoke(System.Reflection.RuntimeMethodInfo,object,object[],System.Exception&)
  at System.Reflection.RuntimeMethodInfo.Invoke (System.Object obj, System.Reflection.BindingFlags invokeAttr, System.Reflection.Binder binder, System.Object[] parameters, System.Globalization.CultureInfo culture) [0x0006a] in <ba3afd297d2b4b96afb9710b210f3f58>:0 
   --- End of inner exception stack trace ---
  at System.Reflection.RuntimeMethodInfo.Invoke (System.Object obj, System.Reflection.BindingFlags invokeAttr, System.Reflection.Binder binder, System.Object[] parameters, System.Globalization.CultureInfo culture) [0x00083] in <ba3afd297d2b4b96afb9710b210f3f58>:0 
  at System.Reflection.MethodBase.Invoke (System.Object obj, System.Object[] parameters) [0x00000] in <ba3afd297d2b4b96afb9710b210f3f58>:0 
  at UnityEditor.EditorAssemblies.ProcessInitializeOnLoadMethodAttributes () [0x00056] in /home/bokken/build/output/unity/unity/Editor/Mono/EditorAssemblies.cs:142 
UnityEngine.Debug:ExtractStackTraceNoAlloc (byte*,int,string)
UnityEngine.StackTraceUtility:ExtractStackTrace () (at /home/bokken/build/output/unity/unity/Runtime/Export/Scripting/StackTrace.cs:37)
UnityEngine.DebugLogHandler:Internal_Log (UnityEngine.LogType,UnityEngine.LogOption,string,UnityEngine.Object)
UnityEngine.DebugLogHandler:LogFormat (UnityEngine.LogType,UnityEngine.Object,string,object[])
UnityEngine.Logger:Log (UnityEngine.LogType,object)
UnityEngine.Debug:LogError (object)
UnityEditor.EditorAssemblies:ProcessInitializeOnLoadMethodAttributes () (at /home/bokken/build/output/unity/unity/Editor/Mono/EditorAssemblies.cs:146)

(Filename: /home/bokken/build/output/unity/unity/Editor/Mono/EditorAssemblies.cs Line: 146)

Mono: successfully reloaded assembly
- Finished resetting the current domain, in  1.129 seconds
Domain Reload Profiling: 2087ms
	BeginReloadAssembly (229ms)
		ExecutionOrderSort (0ms)
		DisableScriptedObjects (6ms)
		BackupInstance (0ms)
		ReleaseScriptingObjects (0ms)
		CreateAndSetChildDomain (87ms)
	RebuildCommonClasses (48ms)
	RebuildNativeTypeToScriptingClass (12ms)
	initialDomainReloadingComplete (73ms)
	LoadAllAssembliesAndSetupDomain (595ms)
		LoadAssemblies (382ms)
		RebuildTransferFunctionScriptingTraits (0ms)
		AnalyzeDomain (286ms)
			TypeCache.Refresh (23ms)
				TypeCache.ScanAssembly (7ms)
			BuildScriptInfoCaches (250ms)
			ResolveRequiredComponents (9ms)
	FinalizeReload (1130ms)
		ReleaseScriptCaches (0ms)
		RebuildScriptCaches (0ms)
		SetupLoadedEditorAssemblies (943ms)
			LogAssemblyErrors (0ms)
			InitializePlatformSupportModulesInManaged (59ms)
			SetLoadedEditorAssemblies (12ms)
			BeforeProcessingInitializeOnLoad (196ms)
			ProcessInitializeOnLoadAttributes (401ms)
			ProcessInitializeOnLoadMethodAttributes (270ms)
			AfterProcessingInitializeOnLoad (4ms)
			EditorAssembliesLoaded (1ms)
		ExecutionOrderSort2 (0ms)
		AwakeInstancesAfterBackupRestoration (4ms)
Refreshing native plugins compatible for Editor in 1.03 ms, found 0 plugins.
Preloading 0 native plugins for Editor in 0.00 ms.
Unloading 0 Unused Serialized files (Serialized files now loaded: 0)
Unloading 6298 unused Assets / (3.5 MB). Loaded Objects now: 6849.
Memory consumption went from 111.2 MB to 107.7 MB.
Total: 14.011494 ms (FindLiveObjects: 0.667715 ms CreateObjectMapping: 0.790139 ms MarkObjects: 7.422572 ms  DeleteObjects: 5.129336 ms)

Prepare: number of updated asset objects reloaded= 0
========================================================================
Received Prepare
Begin MonoManager ReloadAssembly
Symbol file LoadedFromMemory is not a mono symbol file
- Loaded All Assemblies, in  1.606 seconds
Refreshing native plugins compatible for Editor in 1.65 ms, found 0 plugins.
Native extension for LinuxStandalone target not found
Native extension for Android target not found
System.Reflection.TargetInvocationException: Exception has been thrown by the target of an invocation. ---> System.NullReferenceException: Object reference not set to an instance of an object
  at Unity.Multiplayer.Playmode.Workflow.Editor.ProjectDataStore..ctor (System.String directory) [0x0006e] in ./Library/PackageCache/com.unity.multiplayer.playmode@7f4b34d911b7/Workflow/Editor/Configuration/ProjectDataStore.cs:55 
  at Unity.Multiplayer.Playmode.Workflow.Editor.ProjectDataStore.GetMain () [0x00000] in ./Library/PackageCache/com.unity.multiplayer.playmode@7f4b34d911b7/Workflow/Editor/Configuration/ProjectDataStore.cs:36 
  at Unity.Multiplayer.Playmode.Workflow.Editor.WorkflowMainEditorContext..ctor (Unity.Multiplayer.Playmode.VirtualProjects.Editor.MainEditorContext mainEditorContext) [0x0002c] in ./Library/PackageCache/com.unity.multiplayer.playmode@7f4b34d911b7/Workflow/Editor/Contexts/WorkflowMainEditorContext.cs:15 
  at Unity.Multiplayer.Playmode.Workflow.Editor.VirtualProjectWorkflow.InitializeMPPMContexts () [0x00018] in ./Library/PackageCache/com.unity.multiplayer.playmode@7f4b34d911b7/Workflow/Editor/Workflow/VirtualProjectWorkflow.cs:198 
  at Unity.Multiplayer.Playmode.Workflow.Editor.VirtualProjectWorkflow+<>c.<.cctor>b__22_0 () [0x00036] in ./Library/PackageCache/com.unity.multiplayer.playmode@7f4b34d911b7/Workflow/Editor/Workflow/VirtualProjectWorkflow.cs:85 
  at Unity.Multiplayer.Playmode.VirtualProjects.Editor.EditorContexts.SendReadyEvent () [0x00038] in ./Library/PackageCache/com.unity.multiplayer.playmode@7f4b34d911b7/VirtualProjects/Editor/Contexts/EditorContexts.cs:56 
  at (wrapper managed-to-native) System.Reflection.RuntimeMethodInfo.InternalInvoke(System.Reflection.RuntimeMethodInfo,object,object[],System.Exception&)
  at System.Reflection.RuntimeMethodInfo.Invoke (System.Object obj, System.Reflection.BindingFlags invokeAttr, System.Reflection.Binder binder, System.Object[] parameters, System.Globalization.CultureInfo culture) [0x0006a] in <ba3afd297d2b4b96afb9710b210f3f58>:0 
   --- End of inner exception stack trace ---
  at System.Reflection.RuntimeMethodInfo.Invoke (System.Object obj, System.Reflection.BindingFlags invokeAttr, System.Reflection.Binder binder, System.Object[] parameters, System.Globalization.CultureInfo culture) [0x00083] in <ba3afd297d2b4b96afb9710b210f3f58>:0 
  at System.Reflection.MethodBase.Invoke (System.Object obj, System.Object[] parameters) [0x00000] in <ba3afd297d2b4b96afb9710b210f3f58>:0 
  at UnityEditor.EditorAssemblies.ProcessInitializeOnLoadMethodAttributes () [0x00056] in /home/bokken/build/output/unity/unity/Editor/Mono/EditorAssemblies.cs:142 
UnityEngine.Debug:ExtractStackTraceNoAlloc (byte*,int,string)
UnityEngine.StackTraceUtility:ExtractStackTrace () (at /home/bokken/build/output/unity/unity/Runtime/Export/Scripting/StackTrace.cs:37)
UnityEngine.DebugLogHandler:Internal_Log (UnityEngine.LogType,UnityEngine.LogOption,string,UnityEngine.Object)
UnityEngine.DebugLogHandler:LogFormat (UnityEngine.LogType,UnityEngine.Object,string,object[])
UnityEngine.Logger:Log (UnityEngine.LogType,object)
UnityEngine.Debug:LogError (object)
UnityEditor.EditorAssemblies:ProcessInitializeOnLoadMethodAttributes () (at /home/bokken/build/output/unity/unity/Editor/Mono/EditorAssemblies.cs:146)

(Filename: /home/bokken/build/output/unity/unity/Editor/Mono/EditorAssemblies.cs Line: 146)

Mono: successfully reloaded assembly
- Finished resetting the current domain, in  1.321 seconds
Domain Reload Profiling: 2931ms
	BeginReloadAssembly (663ms)
		ExecutionOrderSort (0ms)
		DisableScriptedObjects (29ms)
		BackupInstance (0ms)
		ReleaseScriptingObjects (2ms)
		CreateAndSetChildDomain (229ms)
	RebuildCommonClasses (51ms)
	RebuildNativeTypeToScriptingClass (12ms)
	initialDomainReloadingComplete (78ms)
	LoadAllAssembliesAndSetupDomain (805ms)
		LoadAssemblies (701ms)
		RebuildTransferFunctionScriptingTraits (0ms)
		AnalyzeDomain (343ms)
			TypeCache.Refresh (14ms)
				TypeCache.ScanAssembly (0ms)
			BuildScriptInfoCaches (314ms)
			ResolveRequiredComponents (7ms)
	FinalizeReload (1322ms)
		ReleaseScriptCaches (0ms)
		RebuildScriptCaches (0ms)
		SetupLoadedEditorAssemblies (1113ms)
			LogAssemblyErrors (0ms)
			InitializePlatformSupportModulesInManaged (57ms)
			SetLoadedEditorAssemblies (10ms)
			BeforeProcessingInitializeOnLoad (176ms)
			ProcessInitializeOnLoadAttributes (485ms)
			ProcessInitializeOnLoadMethodAttributes (377ms)
			AfterProcessingInitializeOnLoad (7ms)
			EditorAssembliesLoaded (1ms)
		ExecutionOrderSort2 (0ms)
		AwakeInstancesAfterBackupRestoration (7ms)
Refreshing native plugins compatible for Editor in 1.27 ms, found 0 plugins.
Preloading 0 native plugins for Editor in 0.00 ms.
Unloading 0 Unused Serialized files (Serialized files now loaded: 0)
Unloading 6298 unused Assets / (2.9 MB). Loaded Objects now: 6852.
Memory consumption went from 111.3 MB to 108.4 MB.
Total: 16.219150 ms (FindLiveObjects: 0.797470 ms CreateObjectMapping: 1.091406 ms MarkObjects: 9.473815 ms  DeleteObjects: 4.853489 ms)

Prepare: number of updated asset objects reloaded= 0
========================================================================
Received Prepare
Begin MonoManager ReloadAssembly
Symbol file LoadedFromMemory is not a mono symbol file
- Loaded All Assemblies, in  1.253 seconds
Refreshing native plugins compatible for Editor in 0.97 ms, found 0 plugins.
Native extension for LinuxStandalone target not found
Native extension for Android target not found
System.Reflection.TargetInvocationException: Exception has been thrown by the target of an invocation. ---> System.NullReferenceException: Object reference not set to an instance of an object
  at Unity.Multiplayer.Playmode.Workflow.Editor.ProjectDataStore..ctor (System.String directory) [0x0006e] in ./Library/PackageCache/com.unity.multiplayer.playmode@7f4b34d911b7/Workflow/Editor/Configuration/ProjectDataStore.cs:55 
  at Unity.Multiplayer.Playmode.Workflow.Editor.ProjectDataStore.GetMain () [0x00000] in ./Library/PackageCache/com.unity.multiplayer.playmode@7f4b34d911b7/Workflow/Editor/Configuration/ProjectDataStore.cs:36 
  at Unity.Multiplayer.Playmode.Workflow.Editor.WorkflowMainEditorContext..ctor (Unity.Multiplayer.Playmode.VirtualProjects.Editor.MainEditorContext mainEditorContext) [0x0002c] in ./Library/PackageCache/com.unity.multiplayer.playmode@7f4b34d911b7/Workflow/Editor/Contexts/WorkflowMainEditorContext.cs:15 
  at Unity.Multiplayer.Playmode.Workflow.Editor.VirtualProjectWorkflow.InitializeMPPMContexts () [0x00018] in ./Library/PackageCache/com.unity.multiplayer.playmode@7f4b34d911b7/Workflow/Editor/Workflow/VirtualProjectWorkflow.cs:198 
  at Unity.Multiplayer.Playmode.Workflow.Editor.VirtualProjectWorkflow+<>c.<.cctor>b__22_0 () [0x00036] in ./Library/PackageCache/com.unity.multiplayer.playmode@7f4b34d911b7/Workflow/Editor/Workflow/VirtualProjectWorkflow.cs:85 
  at Unity.Multiplayer.Playmode.VirtualProjects.Editor.EditorContexts.SendReadyEvent () [0x00038] in ./Library/PackageCache/com.unity.multiplayer.playmode@7f4b34d911b7/VirtualProjects/Editor/Contexts/EditorContexts.cs:56 
  at (wrapper managed-to-native) System.Reflection.RuntimeMethodInfo.InternalInvoke(System.Reflection.RuntimeMethodInfo,object,object[],System.Exception&)
  at System.Reflection.RuntimeMethodInfo.Invoke (System.Object obj, System.Reflection.BindingFlags invokeAttr, System.Reflection.Binder binder, System.Object[] parameters, System.Globalization.CultureInfo culture) [0x0006a] in <ba3afd297d2b4b96afb9710b210f3f58>:0 
   --- End of inner exception stack trace ---
  at System.Reflection.RuntimeMethodInfo.Invoke (System.Object obj, System.Reflection.BindingFlags invokeAttr, System.Reflection.Binder binder, System.Object[] parameters, System.Globalization.CultureInfo culture) [0x00083] in <ba3afd297d2b4b96afb9710b210f3f58>:0 
  at System.Reflection.MethodBase.Invoke (System.Object obj, System.Object[] parameters) [0x00000] in <ba3afd297d2b4b96afb9710b210f3f58>:0 
  at UnityEditor.EditorAssemblies.ProcessInitializeOnLoadMethodAttributes () [0x00056] in /home/bokken/build/output/unity/unity/Editor/Mono/EditorAssemblies.cs:142 
UnityEngine.Debug:ExtractStackTraceNoAlloc (byte*,int,string)
UnityEngine.StackTraceUtility:ExtractStackTrace () (at /home/bokken/build/output/unity/unity/Runtime/Export/Scripting/StackTrace.cs:37)
UnityEngine.DebugLogHandler:Internal_Log (UnityEngine.LogType,UnityEngine.LogOption,string,UnityEngine.Object)
UnityEngine.DebugLogHandler:LogFormat (UnityEngine.LogType,UnityEngine.Object,string,object[])
UnityEngine.Logger:Log (UnityEngine.LogType,object)
UnityEngine.Debug:LogError (object)
UnityEditor.EditorAssemblies:ProcessInitializeOnLoadMethodAttributes () (at /home/bokken/build/output/unity/unity/Editor/Mono/EditorAssemblies.cs:146)

(Filename: /home/bokken/build/output/unity/unity/Editor/Mono/EditorAssemblies.cs Line: 146)

Mono: successfully reloaded assembly
- Finished resetting the current domain, in  1.525 seconds
Domain Reload Profiling: 2780ms
	BeginReloadAssembly (286ms)
		ExecutionOrderSort (0ms)
		DisableScriptedObjects (11ms)
		BackupInstance (0ms)
		ReleaseScriptingObjects (0ms)
		CreateAndSetChildDomain (85ms)
	RebuildCommonClasses (77ms)
	RebuildNativeTypeToScriptingClass (22ms)
	initialDomainReloadingComplete (122ms)
	LoadAllAssembliesAndSetupDomain (747ms)
		LoadAssemblies (534ms)
		RebuildTransferFunctionScriptingTraits (0ms)
		AnalyzeDomain (319ms)
			TypeCache.Refresh (13ms)
				TypeCache.ScanAssembly (0ms)
			BuildScriptInfoCaches (294ms)
			ResolveRequiredComponents (7ms)
	FinalizeReload (1526ms)
		ReleaseScriptCaches (0ms)
		RebuildScriptCaches (0ms)
		SetupLoadedEditorAssemblies (1325ms)
			LogAssemblyErrors (0ms)
			InitializePlatformSupportModulesInManaged (72ms)
			SetLoadedEditorAssemblies (15ms)
			BeforeProcessingInitializeOnLoad (319ms)
			ProcessInitializeOnLoadAttributes (500ms)
			ProcessInitializeOnLoadMethodAttributes (415ms)
			AfterProcessingInitializeOnLoad (4ms)
			EditorAssembliesLoaded (1ms)
		ExecutionOrderSort2 (0ms)
		AwakeInstancesAfterBackupRestoration (5ms)
Refreshing native plugins compatible for Editor in 1.14 ms, found 0 plugins.
Preloading 0 native plugins for Editor in 0.00 ms.
Unloading 0 Unused Serialized files (Serialized files now loaded: 0)
Unloading 6298 unused Assets / (3.1 MB). Loaded Objects now: 6855.
Memory consumption went from 111.3 MB to 108.2 MB.
Total: 16.539052 ms (FindLiveObjects: 0.795503 ms CreateObjectMapping: 1.387396 ms MarkObjects: 8.273400 ms  DeleteObjects: 6.080852 ms)

Prepare: number of updated asset objects reloaded= 0
========================================================================
Received Prepare
Begin MonoManager ReloadAssembly
Symbol file LoadedFromMemory is not a mono symbol file
- Loaded All Assemblies, in  1.129 seconds
Refreshing native plugins compatible for Editor in 1.65 ms, found 0 plugins.
Native extension for LinuxStandalone target not found
Native extension for Android target not found
System.Reflection.TargetInvocationException: Exception has been thrown by the target of an invocation. ---> System.NullReferenceException: Object reference not set to an instance of an object
  at Unity.Multiplayer.Playmode.Workflow.Editor.ProjectDataStore..ctor (System.String directory) [0x0006e] in ./Library/PackageCache/com.unity.multiplayer.playmode@7f4b34d911b7/Workflow/Editor/Configuration/ProjectDataStore.cs:55 
  at Unity.Multiplayer.Playmode.Workflow.Editor.ProjectDataStore.GetMain () [0x00000] in ./Library/PackageCache/com.unity.multiplayer.playmode@7f4b34d911b7/Workflow/Editor/Configuration/ProjectDataStore.cs:36 
  at Unity.Multiplayer.Playmode.Workflow.Editor.WorkflowMainEditorContext..ctor (Unity.Multiplayer.Playmode.VirtualProjects.Editor.MainEditorContext mainEditorContext) [0x0002c] in ./Library/PackageCache/com.unity.multiplayer.playmode@7f4b34d911b7/Workflow/Editor/Contexts/WorkflowMainEditorContext.cs:15 
  at Unity.Multiplayer.Playmode.Workflow.Editor.VirtualProjectWorkflow.InitializeMPPMContexts () [0x00018] in ./Library/PackageCache/com.unity.multiplayer.playmode@7f4b34d911b7/Workflow/Editor/Workflow/VirtualProjectWorkflow.cs:198 
  at Unity.Multiplayer.Playmode.Workflow.Editor.VirtualProjectWorkflow+<>c.<.cctor>b__22_0 () [0x00036] in ./Library/PackageCache/com.unity.multiplayer.playmode@7f4b34d911b7/Workflow/Editor/Workflow/VirtualProjectWorkflow.cs:85 
  at Unity.Multiplayer.Playmode.VirtualProjects.Editor.EditorContexts.SendReadyEvent () [0x00038] in ./Library/PackageCache/com.unity.multiplayer.playmode@7f4b34d911b7/VirtualProjects/Editor/Contexts/EditorContexts.cs:56 
  at (wrapper managed-to-native) System.Reflection.RuntimeMethodInfo.InternalInvoke(System.Reflection.RuntimeMethodInfo,object,object[],System.Exception&)
  at System.Reflection.RuntimeMethodInfo.Invoke (System.Object obj, System.Reflection.BindingFlags invokeAttr, System.Reflection.Binder binder, System.Object[] parameters, System.Globalization.CultureInfo culture) [0x0006a] in <ba3afd297d2b4b96afb9710b210f3f58>:0 
   --- End of inner exception stack trace ---
  at System.Reflection.RuntimeMethodInfo.Invoke (System.Object obj, System.Reflection.BindingFlags invokeAttr, System.Reflection.Binder binder, System.Object[] parameters, System.Globalization.CultureInfo culture) [0x00083] in <ba3afd297d2b4b96afb9710b210f3f58>:0 
  at System.Reflection.MethodBase.Invoke (System.Object obj, System.Object[] parameters) [0x00000] in <ba3afd297d2b4b96afb9710b210f3f58>:0 
  at UnityEditor.EditorAssemblies.ProcessInitializeOnLoadMethodAttributes () [0x00056] in /home/bokken/build/output/unity/unity/Editor/Mono/EditorAssemblies.cs:142 
UnityEngine.Debug:ExtractStackTraceNoAlloc (byte*,int,string)
UnityEngine.StackTraceUtility:ExtractStackTrace () (at /home/bokken/build/output/unity/unity/Runtime/Export/Scripting/StackTrace.cs:37)
UnityEngine.DebugLogHandler:Internal_Log (UnityEngine.LogType,UnityEngine.LogOption,string,UnityEngine.Object)
UnityEngine.DebugLogHandler:LogFormat (UnityEngine.LogType,UnityEngine.Object,string,object[])
UnityEngine.Logger:Log (UnityEngine.LogType,object)
UnityEngine.Debug:LogError (object)
UnityEditor.EditorAssemblies:ProcessInitializeOnLoadMethodAttributes () (at /home/bokken/build/output/unity/unity/Editor/Mono/EditorAssemblies.cs:146)

(Filename: /home/bokken/build/output/unity/unity/Editor/Mono/EditorAssemblies.cs Line: 146)

Mono: successfully reloaded assembly
- Finished resetting the current domain, in  1.455 seconds
Domain Reload Profiling: 2585ms
	BeginReloadAssembly (256ms)
		ExecutionOrderSort (0ms)
		DisableScriptedObjects (10ms)
		BackupInstance (0ms)
		ReleaseScriptingObjects (0ms)
		CreateAndSetChildDomain (94ms)
	RebuildCommonClasses (52ms)
	RebuildNativeTypeToScriptingClass (12ms)
	initialDomainReloadingComplete (100ms)
	LoadAllAssembliesAndSetupDomain (709ms)
		LoadAssemblies (420ms)
		RebuildTransferFunctionScriptingTraits (0ms)
		AnalyzeDomain (363ms)
			TypeCache.Refresh (12ms)
				TypeCache.ScanAssembly (0ms)
			BuildScriptInfoCaches (340ms)
			ResolveRequiredComponents (7ms)
	FinalizeReload (1456ms)
		ReleaseScriptCaches (0ms)
		RebuildScriptCaches (0ms)
		SetupLoadedEditorAssemblies (1172ms)
			LogAssemblyErrors (0ms)
			InitializePlatformSupportModulesInManaged (86ms)
			SetLoadedEditorAssemblies (17ms)
			BeforeProcessingInitializeOnLoad (192ms)
			ProcessInitializeOnLoadAttributes (459ms)
			ProcessInitializeOnLoadMethodAttributes (410ms)
			AfterProcessingInitializeOnLoad (8ms)
			EditorAssembliesLoaded (1ms)
		ExecutionOrderSort2 (0ms)
		AwakeInstancesAfterBackupRestoration (6ms)
Refreshing native plugins compatible for Editor in 1.06 ms, found 0 plugins.
Preloading 0 native plugins for Editor in 0.00 ms.
Unloading 0 Unused Serialized files (Serialized files now loaded: 0)
Unloading 6298 unused Assets / (3.5 MB). Loaded Objects now: 6858.
Memory consumption went from 111.3 MB to 107.8 MB.
Total: 15.555481 ms (FindLiveObjects: 0.675208 ms CreateObjectMapping: 0.844849 ms MarkObjects: 8.350082 ms  DeleteObjects: 5.684077 ms)

Prepare: number of updated asset objects reloaded= 0
========================================================================
Received Prepare
Refreshing native plugins compatible for Editor in 1.08 ms, found 0 plugins.
Preloading 0 native plugins for Editor in 0.00 ms.
Unloading 0 Unused Serialized files (Serialized files now loaded: 0)
Unloading 6279 unused Assets / (3.4 MB). Loaded Objects now: 6859.
Memory consumption went from 111.5 MB to 108.1 MB.
Total: 14.194744 ms (FindLiveObjects: 0.768709 ms CreateObjectMapping: 0.672538 ms MarkObjects: 9.214154 ms  DeleteObjects: 3.536421 ms)

Prepare: number of updated asset objects reloaded= 0
========================================================================
Received Prepare
Begin MonoManager ReloadAssembly
Symbol file LoadedFromMemory is not a mono symbol file
- Loaded All Assemblies, in  0.946 seconds
Refreshing native plugins compatible for Editor in 0.93 ms, found 0 plugins.
Native extension for LinuxStandalone target not found
Native extension for Android target not found
System.Reflection.TargetInvocationException: Exception has been thrown by the target of an invocation. ---> System.NullReferenceException: Object reference not set to an instance of an object
  at Unity.Multiplayer.Playmode.Workflow.Editor.ProjectDataStore..ctor (System.String directory) [0x0006e] in ./Library/PackageCache/com.unity.multiplayer.playmode@7f4b34d911b7/Workflow/Editor/Configuration/ProjectDataStore.cs:55 
  at Unity.Multiplayer.Playmode.Workflow.Editor.ProjectDataStore.GetMain () [0x00000] in ./Library/PackageCache/com.unity.multiplayer.playmode@7f4b34d911b7/Workflow/Editor/Configuration/ProjectDataStore.cs:36 
  at Unity.Multiplayer.Playmode.Workflow.Editor.WorkflowMainEditorContext..ctor (Unity.Multiplayer.Playmode.VirtualProjects.Editor.MainEditorContext mainEditorContext) [0x0002c] in ./Library/PackageCache/com.unity.multiplayer.playmode@7f4b34d911b7/Workflow/Editor/Contexts/WorkflowMainEditorContext.cs:15 
  at Unity.Multiplayer.Playmode.Workflow.Editor.VirtualProjectWorkflow.InitializeMPPMContexts () [0x00018] in ./Library/PackageCache/com.unity.multiplayer.playmode@7f4b34d911b7/Workflow/Editor/Workflow/VirtualProjectWorkflow.cs:198 
  at Unity.Multiplayer.Playmode.Workflow.Editor.VirtualProjectWorkflow+<>c.<.cctor>b__22_0 () [0x00036] in ./Library/PackageCache/com.unity.multiplayer.playmode@7f4b34d911b7/Workflow/Editor/Workflow/VirtualProjectWorkflow.cs:85 
  at Unity.Multiplayer.Playmode.VirtualProjects.Editor.EditorContexts.SendReadyEvent () [0x00038] in ./Library/PackageCache/com.unity.multiplayer.playmode@7f4b34d911b7/VirtualProjects/Editor/Contexts/EditorContexts.cs:56 
  at (wrapper managed-to-native) System.Reflection.RuntimeMethodInfo.InternalInvoke(System.Reflection.RuntimeMethodInfo,object,object[],System.Exception&)
  at System.Reflection.RuntimeMethodInfo.Invoke (System.Object obj, System.Reflection.BindingFlags invokeAttr, System.Reflection.Binder binder, System.Object[] parameters, System.Globalization.CultureInfo culture) [0x0006a] in <ba3afd297d2b4b96afb9710b210f3f58>:0 
   --- End of inner exception stack trace ---
  at System.Reflection.RuntimeMethodInfo.Invoke (System.Object obj, System.Reflection.BindingFlags invokeAttr, System.Reflection.Binder binder, System.Object[] parameters, System.Globalization.CultureInfo culture) [0x00083] in <ba3afd297d2b4b96afb9710b210f3f58>:0 
  at System.Reflection.MethodBase.Invoke (System.Object obj, System.Object[] parameters) [0x00000] in <ba3afd297d2b4b96afb9710b210f3f58>:0 
  at UnityEditor.EditorAssemblies.ProcessInitializeOnLoadMethodAttributes () [0x00056] in /home/bokken/build/output/unity/unity/Editor/Mono/EditorAssemblies.cs:142 
UnityEngine.Debug:ExtractStackTraceNoAlloc (byte*,int,string)
UnityEngine.StackTraceUtility:ExtractStackTrace () (at /home/bokken/build/output/unity/unity/Runtime/Export/Scripting/StackTrace.cs:37)
UnityEngine.DebugLogHandler:Internal_Log (UnityEngine.LogType,UnityEngine.LogOption,string,UnityEngine.Object)
UnityEngine.DebugLogHandler:LogFormat (UnityEngine.LogType,UnityEngine.Object,string,object[])
UnityEngine.Logger:Log (UnityEngine.LogType,object)
UnityEngine.Debug:LogError (object)
UnityEditor.EditorAssemblies:ProcessInitializeOnLoadMethodAttributes () (at /home/bokken/build/output/unity/unity/Editor/Mono/EditorAssemblies.cs:146)

(Filename: /home/bokken/build/output/unity/unity/Editor/Mono/EditorAssemblies.cs Line: 146)

Mono: successfully reloaded assembly
- Finished resetting the current domain, in  1.293 seconds
Domain Reload Profiling: 2241ms
	BeginReloadAssembly (231ms)
		ExecutionOrderSort (0ms)
		DisableScriptedObjects (6ms)
		BackupInstance (0ms)
		ReleaseScriptingObjects (0ms)
		CreateAndSetChildDomain (93ms)
	RebuildCommonClasses (52ms)
	RebuildNativeTypeToScriptingClass (13ms)
	initialDomainReloadingComplete (74ms)
	LoadAllAssembliesAndSetupDomain (578ms)
		LoadAssemblies (371ms)
		RebuildTransferFunctionScriptingTraits (0ms)
		AnalyzeDomain (283ms)
			TypeCache.Refresh (19ms)
				TypeCache.ScanAssembly (1ms)
			BuildScriptInfoCaches (254ms)
			ResolveRequiredComponents (7ms)
	FinalizeReload (1294ms)
		ReleaseScriptCaches (0ms)
		RebuildScriptCaches (0ms)
		SetupLoadedEditorAssemblies (1105ms)
			LogAssemblyErrors (0ms)
			InitializePlatformSupportModulesInManaged (62ms)
			SetLoadedEditorAssemblies (9ms)
			BeforeProcessingInitializeOnLoad (192ms)
			ProcessInitializeOnLoadAttributes (487ms)
			ProcessInitializeOnLoadMethodAttributes (350ms)
			AfterProcessingInitializeOnLoad (4ms)
			EditorAssembliesLoaded (1ms)
		ExecutionOrderSort2 (0ms)
		AwakeInstancesAfterBackupRestoration (4ms)
Refreshing native plugins compatible for Editor in 1.10 ms, found 0 plugins.
Preloading 0 native plugins for Editor in 0.00 ms.
Unloading 0 Unused Serialized files (Serialized files now loaded: 0)
Unloading 6299 unused Assets / (4.5 MB). Loaded Objects now: 6862.
Memory consumption went from 111.4 MB to 106.8 MB.
Total: 19.959073 ms (FindLiveObjects: 1.202496 ms CreateObjectMapping: 0.767315 ms MarkObjects: 10.788558 ms  DeleteObjects: 7.198458 ms)

Prepare: number of updated asset objects reloaded= 0
========================================================================
Received Prepare
Refreshing native plugins compatible for Editor in 1.51 ms, found 0 plugins.
Preloading 0 native plugins for Editor in 0.00 ms.
Unloading 0 Unused Serialized files (Serialized files now loaded: 0)
Unloading 6279 unused Assets / (2.7 MB). Loaded Objects now: 6862.
Memory consumption went from 111.5 MB to 108.8 MB.
Total: 16.177716 ms (FindLiveObjects: 1.001106 ms CreateObjectMapping: 1.531062 ms MarkObjects: 10.260649 ms  DeleteObjects: 3.382001 ms)

Prepare: number of updated asset objects reloaded= 0
========================================================================
Received Prepare
Begin MonoManager ReloadAssembly
Symbol file LoadedFromMemory is not a mono symbol file
- Loaded All Assemblies, in  0.953 seconds
Refreshing native plugins compatible for Editor in 0.96 ms, found 0 plugins.
Native extension for LinuxStandalone target not found
Native extension for Android target not found
System.Reflection.TargetInvocationException: Exception has been thrown by the target of an invocation. ---> System.NullReferenceException: Object reference not set to an instance of an object
  at Unity.Multiplayer.Playmode.Workflow.Editor.ProjectDataStore..ctor (System.String directory) [0x0006e] in ./Library/PackageCache/com.unity.multiplayer.playmode@7f4b34d911b7/Workflow/Editor/Configuration/ProjectDataStore.cs:55 
  at Unity.Multiplayer.Playmode.Workflow.Editor.ProjectDataStore.GetMain () [0x00000] in ./Library/PackageCache/com.unity.multiplayer.playmode@7f4b34d911b7/Workflow/Editor/Configuration/ProjectDataStore.cs:36 
  at Unity.Multiplayer.Playmode.Workflow.Editor.WorkflowMainEditorContext..ctor (Unity.Multiplayer.Playmode.VirtualProjects.Editor.MainEditorContext mainEditorContext) [0x0002c] in ./Library/PackageCache/com.unity.multiplayer.playmode@7f4b34d911b7/Workflow/Editor/Contexts/WorkflowMainEditorContext.cs:15 
  at Unity.Multiplayer.Playmode.Workflow.Editor.VirtualProjectWorkflow.InitializeMPPMContexts () [0x00018] in ./Library/PackageCache/com.unity.multiplayer.playmode@7f4b34d911b7/Workflow/Editor/Workflow/VirtualProjectWorkflow.cs:198 
  at Unity.Multiplayer.Playmode.Workflow.Editor.VirtualProjectWorkflow+<>c.<.cctor>b__22_0 () [0x00036] in ./Library/PackageCache/com.unity.multiplayer.playmode@7f4b34d911b7/Workflow/Editor/Workflow/VirtualProjectWorkflow.cs:85 
  at Unity.Multiplayer.Playmode.VirtualProjects.Editor.EditorContexts.SendReadyEvent () [0x00038] in ./Library/PackageCache/com.unity.multiplayer.playmode@7f4b34d911b7/VirtualProjects/Editor/Contexts/EditorContexts.cs:56 
  at (wrapper managed-to-native) System.Reflection.RuntimeMethodInfo.InternalInvoke(System.Reflection.RuntimeMethodInfo,object,object[],System.Exception&)
  at System.Reflection.RuntimeMethodInfo.Invoke (System.Object obj, System.Reflection.BindingFlags invokeAttr, System.Reflection.Binder binder, System.Object[] parameters, System.Globalization.CultureInfo culture) [0x0006a] in <ba3afd297d2b4b96afb9710b210f3f58>:0 
   --- End of inner exception stack trace ---
  at System.Reflection.RuntimeMethodInfo.Invoke (System.Object obj, System.Reflection.BindingFlags invokeAttr, System.Reflection.Binder binder, System.Object[] parameters, System.Globalization.CultureInfo culture) [0x00083] in <ba3afd297d2b4b96afb9710b210f3f58>:0 
  at System.Reflection.MethodBase.Invoke (System.Object obj, System.Object[] parameters) [0x00000] in <ba3afd297d2b4b96afb9710b210f3f58>:0 
  at UnityEditor.EditorAssemblies.ProcessInitializeOnLoadMethodAttributes () [0x00056] in /home/bokken/build/output/unity/unity/Editor/Mono/EditorAssemblies.cs:142 
UnityEngine.Debug:ExtractStackTraceNoAlloc (byte*,int,string)
UnityEngine.StackTraceUtility:ExtractStackTrace () (at /home/bokken/build/output/unity/unity/Runtime/Export/Scripting/StackTrace.cs:37)
UnityEngine.DebugLogHandler:Internal_Log (UnityEngine.LogType,UnityEngine.LogOption,string,UnityEngine.Object)
UnityEngine.DebugLogHandler:LogFormat (UnityEngine.LogType,UnityEngine.Object,string,object[])
UnityEngine.Logger:Log (UnityEngine.LogType,object)
UnityEngine.Debug:LogError (object)
UnityEditor.EditorAssemblies:ProcessInitializeOnLoadMethodAttributes () (at /home/bokken/build/output/unity/unity/Editor/Mono/EditorAssemblies.cs:146)

(Filename: /home/bokken/build/output/unity/unity/Editor/Mono/EditorAssemblies.cs Line: 146)

Mono: successfully reloaded assembly
- Finished resetting the current domain, in  1.306 seconds
Domain Reload Profiling: 2262ms
	BeginReloadAssembly (246ms)
		ExecutionOrderSort (0ms)
		DisableScriptedObjects (6ms)
		BackupInstance (0ms)
		ReleaseScriptingObjects (0ms)
		CreateAndSetChildDomain (105ms)
	RebuildCommonClasses (50ms)
	RebuildNativeTypeToScriptingClass (13ms)
	initialDomainReloadingComplete (75ms)
	LoadAllAssembliesAndSetupDomain (571ms)
		LoadAssemblies (365ms)
		RebuildTransferFunctionScriptingTraits (0ms)
		AnalyzeDomain (280ms)
			TypeCache.Refresh (16ms)
				TypeCache.ScanAssembly (1ms)
			BuildScriptInfoCaches (255ms)
			ResolveRequiredComponents (7ms)
	FinalizeReload (1307ms)
		ReleaseScriptCaches (0ms)
		RebuildScriptCaches (0ms)
		SetupLoadedEditorAssemblies (1124ms)
			LogAssemblyErrors (0ms)
			InitializePlatformSupportModulesInManaged (58ms)
			SetLoadedEditorAssemblies (10ms)
			BeforeProcessingInitializeOnLoad (151ms)
			ProcessInitializeOnLoadAttributes (607ms)
			ProcessInitializeOnLoadMethodAttributes (292ms)
			AfterProcessingInitializeOnLoad (6ms)
			EditorAssembliesLoaded (1ms)
		ExecutionOrderSort2 (0ms)
		AwakeInstancesAfterBackupRestoration (4ms)
Refreshing native plugins compatible for Editor in 1.91 ms, found 0 plugins.
Preloading 0 native plugins for Editor in 0.00 ms.
Unloading 0 Unused Serialized files (Serialized files now loaded: 0)
Unloading 6299 unused Assets / (4.6 MB). Loaded Objects now: 6865.
Memory consumption went from 111.4 MB to 106.7 MB.
Total: 19.972649 ms (FindLiveObjects: 1.082891 ms CreateObjectMapping: 1.039299 ms MarkObjects: 10.164578 ms  DeleteObjects: 7.683854 ms)

Prepare: number of updated asset objects reloaded= 0
========================================================================
Received Prepare
Refreshing native plugins compatible for Editor in 1.17 ms, found 0 plugins.
Preloading 0 native plugins for Editor in 0.00 ms.
Unloading 0 Unused Serialized files (Serialized files now loaded: 0)
Unloading 6279 unused Assets / (3.6 MB). Loaded Objects now: 6865.
Memory consumption went from 111.5 MB to 107.9 MB.
Total: 14.955222 ms (FindLiveObjects: 0.672426 ms CreateObjectMapping: 0.659190 ms MarkObjects: 7.847236 ms  DeleteObjects: 5.774479 ms)

Prepare: number of updated asset objects reloaded= 0
========================================================================
Received Prepare
Begin MonoManager ReloadAssembly
Symbol file LoadedFromMemory is not a mono symbol file
- Loaded All Assemblies, in  1.024 seconds
Refreshing native plugins compatible for Editor in 0.98 ms, found 0 plugins.
Native extension for LinuxStandalone target not found
Native extension for Android target not found
System.Reflection.TargetInvocationException: Exception has been thrown by the target of an invocation. ---> System.NullReferenceException: Object reference not set to an instance of an object
  at Unity.Multiplayer.Playmode.Workflow.Editor.ProjectDataStore..ctor (System.String directory) [0x0006e] in ./Library/PackageCache/com.unity.multiplayer.playmode@7f4b34d911b7/Workflow/Editor/Configuration/ProjectDataStore.cs:55 
  at Unity.Multiplayer.Playmode.Workflow.Editor.ProjectDataStore.GetMain () [0x00000] in ./Library/PackageCache/com.unity.multiplayer.playmode@7f4b34d911b7/Workflow/Editor/Configuration/ProjectDataStore.cs:36 
  at Unity.Multiplayer.Playmode.Workflow.Editor.WorkflowMainEditorContext..ctor (Unity.Multiplayer.Playmode.VirtualProjects.Editor.MainEditorContext mainEditorContext) [0x0002c] in ./Library/PackageCache/com.unity.multiplayer.playmode@7f4b34d911b7/Workflow/Editor/Contexts/WorkflowMainEditorContext.cs:15 
  at Unity.Multiplayer.Playmode.Workflow.Editor.VirtualProjectWorkflow.InitializeMPPMContexts () [0x00018] in ./Library/PackageCache/com.unity.multiplayer.playmode@7f4b34d911b7/Workflow/Editor/Workflow/VirtualProjectWorkflow.cs:198 
  at Unity.Multiplayer.Playmode.Workflow.Editor.VirtualProjectWorkflow+<>c.<.cctor>b__22_0 () [0x00036] in ./Library/PackageCache/com.unity.multiplayer.playmode@7f4b34d911b7/Workflow/Editor/Workflow/VirtualProjectWorkflow.cs:85 
  at Unity.Multiplayer.Playmode.VirtualProjects.Editor.EditorContexts.SendReadyEvent () [0x00038] in ./Library/PackageCache/com.unity.multiplayer.playmode@7f4b34d911b7/VirtualProjects/Editor/Contexts/EditorContexts.cs:56 
  at (wrapper managed-to-native) System.Reflection.RuntimeMethodInfo.InternalInvoke(System.Reflection.RuntimeMethodInfo,object,object[],System.Exception&)
  at System.Reflection.RuntimeMethodInfo.Invoke (System.Object obj, System.Reflection.BindingFlags invokeAttr, System.Reflection.Binder binder, System.Object[] parameters, System.Globalization.CultureInfo culture) [0x0006a] in <ba3afd297d2b4b96afb9710b210f3f58>:0 
   --- End of inner exception stack trace ---
  at System.Reflection.RuntimeMethodInfo.Invoke (System.Object obj, System.Reflection.BindingFlags invokeAttr, System.Reflection.Binder binder, System.Object[] parameters, System.Globalization.CultureInfo culture) [0x00083] in <ba3afd297d2b4b96afb9710b210f3f58>:0 
  at System.Reflection.MethodBase.Invoke (System.Object obj, System.Object[] parameters) [0x00000] in <ba3afd297d2b4b96afb9710b210f3f58>:0 
  at UnityEditor.EditorAssemblies.ProcessInitializeOnLoadMethodAttributes () [0x00056] in /home/bokken/build/output/unity/unity/Editor/Mono/EditorAssemblies.cs:142 
UnityEngine.Debug:ExtractStackTraceNoAlloc (byte*,int,string)
UnityEngine.StackTraceUtility:ExtractStackTrace () (at /home/bokken/build/output/unity/unity/Runtime/Export/Scripting/StackTrace.cs:37)
UnityEngine.DebugLogHandler:Internal_Log (UnityEngine.LogType,UnityEngine.LogOption,string,UnityEngine.Object)
UnityEngine.DebugLogHandler:LogFormat (UnityEngine.LogType,UnityEngine.Object,string,object[])
UnityEngine.Logger:Log (UnityEngine.LogType,object)
UnityEngine.Debug:LogError (object)
UnityEditor.EditorAssemblies:ProcessInitializeOnLoadMethodAttributes () (at /home/bokken/build/output/unity/unity/Editor/Mono/EditorAssemblies.cs:146)

(Filename: /home/bokken/build/output/unity/unity/Editor/Mono/EditorAssemblies.cs Line: 146)

Mono: successfully reloaded assembly
- Finished resetting the current domain, in  1.173 seconds
Domain Reload Profiling: 2200ms
	BeginReloadAssembly (264ms)
		ExecutionOrderSort (0ms)
		DisableScriptedObjects (7ms)
		BackupInstance (0ms)
		ReleaseScriptingObjects (0ms)
		CreateAndSetChildDomain (100ms)
	RebuildCommonClasses (53ms)
	RebuildNativeTypeToScriptingClass (13ms)
	initialDomainReloadingComplete (75ms)
	LoadAllAssembliesAndSetupDomain (622ms)
		LoadAssemblies (408ms)
		RebuildTransferFunctionScriptingTraits (0ms)
		AnalyzeDomain (310ms)
			TypeCache.Refresh (17ms)
				TypeCache.ScanAssembly (1ms)
			BuildScriptInfoCaches (282ms)
			ResolveRequiredComponents (8ms)
	FinalizeReload (1174ms)
		ReleaseScriptCaches (0ms)
		RebuildScriptCaches (0ms)
		SetupLoadedEditorAssemblies (994ms)
			LogAssemblyErrors (0ms)
			InitializePlatformSupportModulesInManaged (59ms)
			SetLoadedEditorAssemblies (10ms)
			BeforeProcessingInitializeOnLoad (192ms)
			ProcessInitializeOnLoadAttributes (425ms)
			ProcessInitializeOnLoadMethodAttributes (303ms)
			AfterProcessingInitializeOnLoad (4ms)
			EditorAssembliesLoaded (1ms)
		ExecutionOrderSort2 (0ms)
		AwakeInstancesAfterBackupRestoration (5ms)
Refreshing native plugins compatible for Editor in 1.91 ms, found 0 plugins.
Preloading 0 native plugins for Editor in 0.00 ms.
Unloading 0 Unused Serialized files (Serialized files now loaded: 0)
Unloading 6299 unused Assets / (2.5 MB). Loaded Objects now: 6868.
Memory consumption went from 111.4 MB to 108.9 MB.
Total: 14.349313 ms (FindLiveObjects: 0.846263 ms CreateObjectMapping: 1.056089 ms MarkObjects: 7.235901 ms  DeleteObjects: 5.209382 ms)

Prepare: number of updated asset objects reloaded= 0
========================================================================
Received Prepare
Begin MonoManager ReloadAssembly
Symbol file LoadedFromMemory is not a mono symbol file
- Loaded All Assemblies, in  1.107 seconds
Refreshing native plugins compatible for Editor in 1.04 ms, found 0 plugins.
Native extension for LinuxStandalone target not found
Native extension for Android target not found
System.Reflection.TargetInvocationException: Exception has been thrown by the target of an invocation. ---> System.NullReferenceException: Object reference not set to an instance of an object
  at Unity.Multiplayer.Playmode.Workflow.Editor.ProjectDataStore..ctor (System.String directory) [0x0006e] in ./Library/PackageCache/com.unity.multiplayer.playmode@7f4b34d911b7/Workflow/Editor/Configuration/ProjectDataStore.cs:55 
  at Unity.Multiplayer.Playmode.Workflow.Editor.ProjectDataStore.GetMain () [0x00000] in ./Library/PackageCache/com.unity.multiplayer.playmode@7f4b34d911b7/Workflow/Editor/Configuration/ProjectDataStore.cs:36 
  at Unity.Multiplayer.Playmode.Workflow.Editor.WorkflowMainEditorContext..ctor (Unity.Multiplayer.Playmode.VirtualProjects.Editor.MainEditorContext mainEditorContext) [0x0002c] in ./Library/PackageCache/com.unity.multiplayer.playmode@7f4b34d911b7/Workflow/Editor/Contexts/WorkflowMainEditorContext.cs:15 
  at Unity.Multiplayer.Playmode.Workflow.Editor.VirtualProjectWorkflow.InitializeMPPMContexts () [0x00018] in ./Library/PackageCache/com.unity.multiplayer.playmode@7f4b34d911b7/Workflow/Editor/Workflow/VirtualProjectWorkflow.cs:198 
  at Unity.Multiplayer.Playmode.Workflow.Editor.VirtualProjectWorkflow+<>c.<.cctor>b__22_0 () [0x00036] in ./Library/PackageCache/com.unity.multiplayer.playmode@7f4b34d911b7/Workflow/Editor/Workflow/VirtualProjectWorkflow.cs:85 
  at Unity.Multiplayer.Playmode.VirtualProjects.Editor.EditorContexts.SendReadyEvent () [0x00038] in ./Library/PackageCache/com.unity.multiplayer.playmode@7f4b34d911b7/VirtualProjects/Editor/Contexts/EditorContexts.cs:56 
  at (wrapper managed-to-native) System.Reflection.RuntimeMethodInfo.InternalInvoke(System.Reflection.RuntimeMethodInfo,object,object[],System.Exception&)
  at System.Reflection.RuntimeMethodInfo.Invoke (System.Object obj, System.Reflection.BindingFlags invokeAttr, System.Reflection.Binder binder, System.Object[] parameters, System.Globalization.CultureInfo culture) [0x0006a] in <ba3afd297d2b4b96afb9710b210f3f58>:0 
   --- End of inner exception stack trace ---
  at System.Reflection.RuntimeMethodInfo.Invoke (System.Object obj, System.Reflection.BindingFlags invokeAttr, System.Reflection.Binder binder, System.Object[] parameters, System.Globalization.CultureInfo culture) [0x00083] in <ba3afd297d2b4b96afb9710b210f3f58>:0 
  at System.Reflection.MethodBase.Invoke (System.Object obj, System.Object[] parameters) [0x00000] in <ba3afd297d2b4b96afb9710b210f3f58>:0 
  at UnityEditor.EditorAssemblies.ProcessInitializeOnLoadMethodAttributes () [0x00056] in /home/bokken/build/output/unity/unity/Editor/Mono/EditorAssemblies.cs:142 
UnityEngine.Debug:ExtractStackTraceNoAlloc (byte*,int,string)
UnityEngine.StackTraceUtility:ExtractStackTrace () (at /home/bokken/build/output/unity/unity/Runtime/Export/Scripting/StackTrace.cs:37)
UnityEngine.DebugLogHandler:Internal_Log (UnityEngine.LogType,UnityEngine.LogOption,string,UnityEngine.Object)
UnityEngine.DebugLogHandler:LogFormat (UnityEngine.LogType,UnityEngine.Object,string,object[])
UnityEngine.Logger:Log (UnityEngine.LogType,object)
UnityEngine.Debug:LogError (object)
UnityEditor.EditorAssemblies:ProcessInitializeOnLoadMethodAttributes () (at /home/bokken/build/output/unity/unity/Editor/Mono/EditorAssemblies.cs:146)

(Filename: /home/bokken/build/output/unity/unity/Editor/Mono/EditorAssemblies.cs Line: 146)

Mono: successfully reloaded assembly
- Finished resetting the current domain, in  1.278 seconds
Domain Reload Profiling: 2386ms
	BeginReloadAssembly (260ms)
		ExecutionOrderSort (0ms)
		DisableScriptedObjects (6ms)
		BackupInstance (0ms)
		ReleaseScriptingObjects (0ms)
		CreateAndSetChildDomain (79ms)
	RebuildCommonClasses (77ms)
	RebuildNativeTypeToScriptingClass (24ms)
	initialDomainReloadingComplete (117ms)
	LoadAllAssembliesAndSetupDomain (630ms)
		LoadAssemblies (446ms)
		RebuildTransferFunctionScriptingTraits (0ms)
		AnalyzeDomain (292ms)
			TypeCache.Refresh (11ms)
				TypeCache.ScanAssembly (0ms)
			BuildScriptInfoCaches (270ms)
			ResolveRequiredComponents (7ms)
	FinalizeReload (1278ms)
		ReleaseScriptCaches (0ms)
		RebuildScriptCaches (0ms)
		SetupLoadedEditorAssemblies (1061ms)
			LogAssemblyErrors (0ms)
			InitializePlatformSupportModulesInManaged (62ms)
			SetLoadedEditorAssemblies (8ms)
			BeforeProcessingInitializeOnLoad (217ms)
			ProcessInitializeOnLoadAttributes (431ms)
			ProcessInitializeOnLoadMethodAttributes (338ms)
			AfterProcessingInitializeOnLoad (4ms)
			EditorAssembliesLoaded (1ms)
		ExecutionOrderSort2 (0ms)
		AwakeInstancesAfterBackupRestoration (4ms)
Refreshing native plugins compatible for Editor in 1.48 ms, found 0 plugins.
Preloading 0 native plugins for Editor in 0.00 ms.
Unloading 0 Unused Serialized files (Serialized files now loaded: 0)
Unloading 6299 unused Assets / (4.0 MB). Loaded Objects now: 6871.
Memory consumption went from 111.4 MB to 107.4 MB.
Total: 21.032082 ms (FindLiveObjects: 2.554006 ms CreateObjectMapping: 2.058111 ms MarkObjects: 8.583574 ms  DeleteObjects: 7.832893 ms)

Prepare: number of updated asset objects reloaded= 0
